Year,State,Location,GPSCoordinates,SiteYear,Field,ExperimentName,ExperimentalTrt,Rep,Plot,RyeVariety,RyeSeedingRate_lbac,RyeTerminationMethod,SoySeedingDate,SoyVariety,SoySeedingRate_ha,Till_NT,RyeBiomass_kgha,SoyStand_ha,Per_Emergence,WeedBiomass_kgha,Yield_Mgha,Yield_buac,Precip_May_in,Precip_June_in,Precip_July_in,Precip_Aug_in,Precip_Annual_in,Precip15May-15Jun_in,Publication_doi,Notes
2023,WI,AARS,"43.296791, -89.342797",1,402,Coulter Study,Straight coulter,1,101,ND Gardener,198,Roller Crimped,6/7/2023,Viking O.1706N,555975,NT,10661,88956,16.0,0,2.62,39.0,1.03,1.06,8.96,4.05,,0.72,,
2023,WI,AARS,"43.296791, -89.342798",1,402,Coulter Study,Tilled no coulter,1,102,ND Gardener,198,NA,6/7/2023,Viking O.1706N,555975,Till,10661,425012,76.4,696,3.69,54.8,1.03,1.06,8.96,4.05,,0.72,,
2023,WI,AARS,"43.296791, -89.342799",1,402,Coulter Study,13-wave coulter,1,103,ND Gardener,198,Roller Crimped,6/7/2023,Viking O.1706N,555975,NT,10661,219919,39.6,0,2.25,33.4,1.03,1.06,8.96,4.05,,0.72,,
2023,WI,AARS,"43.296791, -89.342800",1,402,Coulter Study,8-wave coulter,1,104,ND Gardener,198,Roller Crimped,6/7/2023,Viking O.1706N,555975,NT,10661,239687,43.1,19,2.81,41.8,1.03,1.06,8.96,4.05,,0.72,,
2023,WI,AARS,"43.296791, -89.342801",1,402,Coulter Study,Ripple coulter,1,105,ND Gardener,198,Roller Crimped,6/7/2023,Viking O.1706N,555975,NT,10661,182854,32.9,70,2.23,33.1,1.03,1.06,8.96,4.05,,0.72,,
2023,WI,AARS,"43.296791, -89.342802",1,402,Coulter Study,Tilled no coulter,2,201,ND Gardener,198,NA,6/7/2023,Viking O.1706N,555975,Till,12425,359531,64.7,202,3.34,49.7,1.03,1.06,8.96,4.05,,0.72,,
2023,WI,AARS,"43.296791, -89.342803",1,402,Coulter Study,8-wave coulter,2,202,ND Gardener,198,Roller Crimped,6/7/2023,Viking O.1706N,555975,NT,12425,116137,20.9,131,1.88,28.0,1.03,1.06,8.96,4.05,,0.72,,
2023,WI,AARS,"43.296791, -89.342804",1,402,Coulter Study,Ripple coulter,2,203,ND Gardener,198,Roller Crimped,6/7/2023,Viking O.1706N,555975,NT,12425,213742,38.4,0,2.28,33.9,1.03,1.06,8.96,4.05,,0.72,,
2023,WI,AARS,"43.296791, -89.342805",1,402,Coulter Study,Straight coulter,2,204,ND Gardener,198,Roller Crimped,6/7/2023,Viking O.1706N,555975,NT,12425,294049,52.9,0,2.64,39.3,1.03,1.06,8.96,4.05,,0.72,,
2023,WI,AARS,"43.296791, -89.342806",1,402,Coulter Study,13-wave coulter,2,205,ND Gardener,198,Roller Crimped,6/7/2023,Viking O.1706N,555975,NT,12425,181619,32.7,69,2.35,35.0,1.03,1.06,8.96,4.05,,0.72,,
2023,WI,AARS,"43.296791, -89.342807",1,402,Coulter Study,Ripple coulter,3,301,ND Gardener,198,Roller Crimped,6/7/2023,Viking O.1706N,555975,NT,11083,135905,24.4,30,1.64,24.5,1.03,1.06,8.96,4.05,,0.72,,
2023,WI,AARS,"43.296791, -89.342808",1,402,Coulter Study,Straight coulter,3,302,ND Gardener,198,Roller Crimped,6/7/2023,Viking O.1706N,555975,NT,11083,279223,50.2,18,2.30,34.3,1.03,1.06,8.96,4.05,,0.72,,
2023,WI,AARS,"43.296791, -89.342809",1,402,Coulter Study,Tilled no coulter,3,303,ND Gardener,198,NA,6/7/2023,Viking O.1706N,555975,Till,11083,305169,54.9,1418,3.54,52.7,1.03,1.06,8.96,4.05,,0.72,,
2023,WI,AARS,"43.296791, -89.342810",1,402,Coulter Study,8-wave coulter,3,304,ND Gardener,198,Roller Crimped,6/7/2023,Viking O.1706N,555975,NT,11083,69188,12.4,141,1.93,28.7,1.03,1.06,8.96,4.05,,0.72,,
2023,WI,AARS,"43.296791, -89.342811",1,402,Coulter Study,13-wave coulter,3,305,ND Gardener,198,Roller Crimped,6/7/2023,Viking O.1706N,555975,NT,11083,63011,11.3,84,2.08,30.9,1.03,1.06,8.96,4.05,,0.72,,
2023,WI,AARS,"43.296791, -89.342812",1,402,Coulter Study,13-wave coulter,4,401,ND Gardener,198,Roller Crimped,6/7/2023,Viking O.1706N,555975,NT,11420,195209,35.1,66,2.11,31.4,1.03,1.06,8.96,4.05,,0.72,,
2023,WI,AARS,"43.296791, -89.342813",1,402,Coulter Study,Tilled no coulter,4,402,ND Gardener,198,NA,6/7/2023,Viking O.1706N,555975,Till,11420,370650,66.7,1336,3.10,46.1,1.03,1.06,8.96,4.05,,0.72,,
2023,WI,AARS,"43.296791, -89.342814",1,402,Coulter Study,Ripple coulter,4,403,ND Gardener,198,Roller Crimped,6/7/2023,Viking O.1706N,555975,NT,11420,193974,34.9,111,2.36,35.0,1.03,1.06,8.96,4.05,,0.72,,
2023,WI,AARS,"43.296791, -89.342815",1,402,Coulter Study,8-wave coulter,4,404,ND Gardener,198,Roller Crimped,6/7/2023,Viking O.1706N,555975,NT,11420,197680,35.6,124,2.85,42.4,1.03,1.06,8.96,4.05,,0.72,,
2023,WI,AARS,"43.296791, -89.342816",1,402,Coulter Study,Straight coulter,4,405,ND Gardener,198,Roller Crimped,6/7/2023,Viking O.1706N,555975,NT,11420,177912,32.0,109,2.13,31.7,1.03,1.06,8.96,4.05,,0.72,,
2023,WI,AARS,"43.296791, -89.342817",1,402,Coulter Study,Straight coulter,5,501,ND Gardener,198,Roller Crimped,6/7/2023,Viking O.1706N,555975,NT,14826,103782,18.7,55,2.41,35.9,1.03,1.06,8.96,4.05,,0.72,,
2023,WI,AARS,"43.296791, -89.342818",1,402,Coulter Study,13-wave coulter,5,502,ND Gardener,198,Roller Crimped,6/7/2023,Viking O.1706N,555975,NT,14826,126021,22.7,10,2.37,35.2,1.03,1.06,8.96,4.05,,0.72,,
2023,WI,AARS,"43.296791, -89.342819",1,402,Coulter Study,8-wave coulter,5,503,ND Gardener,198,Roller Crimped,6/7/2023,Viking O.1706N,555975,NT,14826,161851,29.1,96,1.96,29.1,1.03,1.06,8.96,4.05,,0.72,,
2023,WI,AARS,"43.296791, -89.342820",1,402,Coulter Study,Tilled no coulter,5,504,ND Gardener,198,NA,6/7/2023,Viking O.1706N,555975,Till,14826,187796,33.8,401,3.22,47.9,1.03,1.06,8.96,4.05,,0.72,,
2023,WI,AARS,"43.296791, -89.342821",1,402,Coulter Study,Ripple coulter,5,505,ND Gardener,198,Roller Crimped,6/7/2023,Viking O.1706N,555975,NT,14826,129728,23.3,192,2.18,32.4,1.03,1.06,8.96,4.05,,0.72,,
2023,WI,AARS,"43.296791, -89.342822",1,402,Coulter Study,Straight coulter,6,601,ND Gardener,198,Roller Crimped,6/7/2023,Viking O.1706N,555975,NT,12683,259455,46.7,2,2.54,37.8,1.03,1.06,8.96,4.05,,0.72,,
2023,WI,AARS,"43.296791, -89.342823",1,402,Coulter Study,8-wave coulter,6,602,ND Gardener,198,Roller Crimped,6/7/2023,Viking O.1706N,555975,NT,12683,172970,31.1,159,2.06,30.6,1.03,1.06,8.96,4.05,,0.72,,
2023,WI,AARS,"43.296791, -89.342824",1,402,Coulter Study,Ripple coulter,6,603,ND Gardener,198,Roller Crimped,6/7/2023,Viking O.1706N,555975,NT,12683,233510,42.0,48,2.23,33.2,1.03,1.06,8.96,4.05,,0.72,,
2023,WI,AARS,"43.296791, -89.342825",1,402,Coulter Study,13-wave coulter,6,604,ND Gardener,198,Roller Crimped,6/7/2023,Viking O.1706N,555975,NT,12683,255749,46.0,90,2.20,32.8,1.03,1.06,8.96,4.05,,0.72,,
2023,WI,AARS,"43.296791, -89.342826",1,402,Coulter Study,Tilled no coulter,6,605,ND Gardener,198,NA,6/7/2023,Viking O.1706N,555975,Till,12683,258220,46.4,2715,3.09,46.0,1.03,1.06,8.96,4.05,,0.72,,
2022,WI,AARS,"43.296558, -89.344070",2,401,CIG NT Soybeans,185000 MT Low,1,1,Aroostook,171,Mowed,5/31/2022,Viking O.1706N,457135,NT,11953,294055,64.3,87.2,2.77,41.2,2.31,5.47,2.89,5.20,35.1,4.64,,
2022,WI,AARS,"43.296558, -89.344070",2,401,CIG NT Soybeans,185000 RC High,1,2,Aroostook,171,Roller Crimped,5/31/2022,Viking O.1706N,457135,NT,11953,292819,64.1,20.8,2.78,41.4,2.31,5.47,2.89,5.20,35.1,4.64,,
2022,WI,AARS,"43.296558, -89.344070",2,401,CIG NT Soybeans,185000 RC Low,1,3,Aroostook,171,Roller Crimped,5/31/2022,Viking O.1706N,457135,NT,11953,337298,73.8,6.3,2.76,41.1,2.31,5.47,2.89,5.20,35.1,4.64,,
2022,WI,AARS,"43.296558, -89.344070",2,401,CIG NT Soybeans,225000 RC High,1,4,Aroostook,171,Roller Crimped,5/31/2022,Viking O.1706N,555975,NT,11953,374364,67.3,28.4,1.80,26.8,2.31,5.47,2.89,5.20,35.1,4.64,,
2022,WI,AARS,"43.296558, -89.344070",2,401,CIG NT Soybeans,225000 RC Low,1,5,Aroostook,171,Roller Crimped,5/31/2022,Viking O.1706N,555975,NT,11953,363244,65.3,41.5,2.78,41.3,2.31,5.47,2.89,5.20,35.1,4.64,,
2022,WI,AARS,"43.296558, -89.344070",2,401,CIG NT Soybeans,225000 MT High,1,6,Aroostook,171,Mowed,5/31/2022,Viking O.1706N,555975,NT,11953,400310,72.0,422.2,2.77,41.2,2.31,5.47,2.89,5.20,35.1,4.64,,
2022,WI,AARS,"43.296558, -89.344070",2,401,CIG NT Soybeans,225000 MT Low,1,7,Aroostook,171,Mowed,5/31/2022,Viking O.1706N,555975,NT,11953,374364,67.3,4.7,2.77,41.2,2.31,5.47,2.89,5.20,35.1,4.64,,
2022,WI,AARS,"43.296558, -89.344070",2,401,CIG NT Soybeans,185000 MT High,1,8,Aroostook,171,Mowed,5/31/2022,Viking O.1706N,457135,NT,11953,271816,59.5,375.5,2.77,41.3,2.31,5.47,2.89,5.20,35.1,4.64,,
2022,WI,AARS,"43.296558, -89.344070",2,401,CIG NT Soybeans,185000 MT High,2,9,Aroostook,171,Mowed,5/31/2022,Viking O.1706N,457135,NT,8513,292819,64.1,303.9,2.77,41.2,2.31,5.47,2.89,5.20,35.1,4.64,,
2022,WI,AARS,"43.296558, -89.344070",2,401,CIG NT Soybeans,185000 RC High,2,10,Aroostook,171,Roller Crimped,5/31/2022,Viking O.1706N,457135,NT,8513,264402,57.8,29.1,2.77,41.2,2.31,5.47,2.89,5.20,35.1,4.64,,
2022,WI,AARS,"43.296558, -89.344070",2,401,CIG NT Soybeans,225000 RC High,2,11,Aroostook,171,Roller Crimped,5/31/2022,Viking O.1706N,555975,NT,8513,342240,61.6,0.0,2.77,41.2,2.31,5.47,2.89,5.20,35.1,4.64,,
2022,WI,AARS,"43.296558, -89.344070",2,401,CIG NT Soybeans,185000 MT Low,2,12,Aroostook,171,Mowed,5/31/2022,Viking O.1706N,457135,NT,8513,266873,58.4,48.0,2.77,41.2,2.31,5.47,2.89,5.20,35.1,4.64,,
2022,WI,AARS,"43.296558, -89.344070",2,401,CIG NT Soybeans,185000 RC Low,2,13,Aroostook,171,Roller Crimped,5/31/2022,Viking O.1706N,457135,NT,8513,263167,57.6,0.0,2.77,41.3,2.31,5.47,2.89,5.20,35.1,4.64,,
2022,WI,AARS,"43.296558, -89.344070",2,401,CIG NT Soybeans,225000 MT Low,2,14,Aroostook,171,Mowed,5/31/2022,Viking O.1706N,555975,NT,8513,349654,62.9,62.3,2.77,41.2,2.31,5.47,2.89,5.20,35.1,4.64,,
2022,WI,AARS,"43.296558, -89.344070",2,401,CIG NT Soybeans,225000 RC Low,2,15,Aroostook,171,Roller Crimped,5/31/2022,Viking O.1706N,555975,NT,8513,281700,50.7,0.0,2.77,41.2,2.31,5.47,2.89,5.20,35.1,4.64,,
2022,WI,AARS,"43.296558, -89.344070",2,401,CIG NT Soybeans,225000 MT High,2,16,Aroostook,171,Mowed,5/31/2022,Viking O.1706N,555975,NT,8513,244634,44.0,63.4,2.77,41.2,2.31,5.47,2.89,5.20,35.1,4.64,,
2022,WI,AARS,"43.296558, -89.344070",2,401,CIG NT Soybeans,185000 RC High,3,17,Aroostook,171,Roller Crimped,5/31/2022,Viking O.1706N,457135,NT,8180,339769,74.3,0.0,2.80,41.6,2.31,5.47,2.89,5.20,35.1,4.64,,
2022,WI,AARS,"43.296558, -89.344070",2,401,CIG NT Soybeans,225000 MT High,3,18,Aroostook,171,Mowed,5/31/2022,Viking O.1706N,555975,NT,8180,368186,66.2,30.7,2.79,41.5,2.31,5.47,2.89,5.20,35.1,4.64,,
2022,WI,AARS,"43.296558, -89.344070",2,401,CIG NT Soybeans,185000 MT Low,3,19,Aroostook,171,Mowed,5/31/2022,Viking O.1706N,457135,NT,8180,221159,48.4,38.5,2.79,41.4,2.31,5.47,2.89,5.20,35.1,4.64,,
2022,WI,AARS,"43.296558, -89.344070",2,401,CIG NT Soybeans,225000 MT Low,3,20,Aroostook,171,Mowed,5/31/2022,Viking O.1706N,555975,NT,8180,223630,40.2,53.6,2.78,41.4,2.31,5.47,2.89,5.20,35.1,4.64,,
2022,WI,AARS,"43.296558, -89.344070",2,401,CIG NT Soybeans,225000 RC High,3,21,Aroostook,171,Roller Crimped,5/31/2022,Viking O.1706N,555975,NT,8180,261931,47.1,100.1,2.79,41.4,2.31,5.47,2.89,5.20,35.1,4.64,,
2022,WI,AARS,"43.296558, -89.344070",2,401,CIG NT Soybeans,185000 MT High,3,22,Aroostook,171,Mowed,5/31/2022,Viking O.1706N,457135,NT,8180,305175,66.8,246.6,2.78,41.4,2.31,5.47,2.89,5.20,35.1,4.64,,
2022,WI,AARS,"43.296558, -89.344070",2,401,CIG NT Soybeans,185000 RC Low,3,23,Aroostook,171,Roller Crimped,5/31/2022,Viking O.1706N,457135,NT,8180,219923,48.1,258.5,2.78,41.3,2.31,5.47,2.89,5.20,35.1,4.64,,
2022,WI,AARS,"43.296558, -89.344070",2,401,CIG NT Soybeans,225000 RC Low,3,24,Aroostook,171,Roller Crimped,5/31/2022,Viking O.1706N,555975,NT,8180,366951,66.0,15.4,2.78,41.4,2.31,5.47,2.89,5.20,35.1,4.64,,
2022,WI,AARS,"43.296558, -89.344070",2,401,CIG NT Soybeans,185000 RC High,4,25,Aroostook,171,Roller Crimped,5/31/2022,Viking O.1706N,457135,NT,13113,295290,64.6,68.6,2.77,41.2,2.31,5.47,2.89,5.20,35.1,4.64,,
2022,WI,AARS,"43.296558, -89.344070",2,401,CIG NT Soybeans,185000 MT High,4,26,Aroostook,171,Mowed,5/31/2022,Viking O.1706N,457135,NT,13113,294055,64.3,298.8,2.54,37.8,2.31,5.47,2.89,5.20,35.1,4.64,,
2022,WI,AARS,"43.296558, -89.344070",2,401,CIG NT Soybeans,225000 MT Low,4,27,Aroostook,171,Mowed,5/31/2022,Viking O.1706N,555975,NT,13113,269344,48.4,11.9,2.78,41.3,2.31,5.47,2.89,5.20,35.1,4.64,,
2022,WI,AARS,"43.296558, -89.344070",2,401,CIG NT Soybeans,185000 MT Low,4,28,Aroostook,171,Mowed,5/31/2022,Viking O.1706N,457135,NT,13113,261931,57.3,93.1,2.78,41.4,2.31,5.47,2.89,5.20,35.1,4.64,,
2022,WI,AARS,"43.296558, -89.344070",2,401,CIG NT Soybeans,185000 RC Low,4,29,Aroostook,171,Roller Crimped,5/31/2022,Viking O.1706N,457135,NT,13113,214981,47.0,409.3,2.77,41.2,2.31,5.47,2.89,5.20,35.1,4.64,,
2022,WI,AARS,"43.296558, -89.344070",2,401,CIG NT Soybeans,225000 RC Low,4,30,Aroostook,171,Roller Crimped,5/31/2022,Viking O.1706N,555975,NT,13113,271816,48.9,316.3,2.77,41.2,2.31,5.47,2.89,5.20,35.1,4.64,,
2022,WI,AARS,"43.296558, -89.344070",2,401,CIG NT Soybeans,225000 MT High,4,31,Aroostook,171,Mowed,5/31/2022,Viking O.1706N,555975,NT,13113,362009,65.1,515.1,2.77,41.2,2.31,5.47,2.89,5.20,35.1,4.64,,
2022,WI,AARS,"43.296558, -89.344070",2,401,CIG NT Soybeans,225000 RC High,4,32,Aroostook,171,Roller Crimped,5/31/2022,Viking O.1706N,555975,NT,13113,341005,61.3,150.8,2.69,40.1,2.31,5.47,2.89,5.20,35.1,4.64,,
2022,WI,AARS,"43.296558, -89.344070",2,401,CIG NT Soybeans,Tilled Comparison,NA,NA,NA,NA,NA,5/31/2022,Viking O.1706N,457135,Till,NA,NA,NA,0.0,3.69,54.9,2.31,5.47,2.89,5.20,35.1,4.64,,
2021,WI,AARS,"43.313233, -89.334054",3,505,Seeding Depth Study,3.25,1,101,Aroostook,155,Roller Crimped,6/2/2021,Viking O.1518N,679525,NT,12797,300000,44.1,854,2.15,32.0,2.37,3.51,1.28,4.18,22.3,1.56,,
2021,WI,AARS,"43.313233, -89.334054",3,505,Seeding Depth Study,2.50,1,102,Aroostook,155,Roller Crimped,6/2/2021,Viking O.1518N,679525,NT,12797,460000,67.7,910,1.99,29.6,2.37,3.51,1.28,4.18,22.3,1.56,,
2021,WI,AARS,"43.313233, -89.334054",3,505,Seeding Depth Study,0.25,1,103,Aroostook,155,Roller Crimped,6/2/2021,Viking O.1518N,679525,NT,12797,240000,35.3,772,2.84,42.3,2.37,3.51,1.28,4.18,22.3,1.56,,
2021,WI,AARS,"43.313233, -89.334054",3,505,Seeding Depth Study,1.75,1,104,Aroostook,155,Roller Crimped,6/2/2021,Viking O.1518N,679525,NT,12797,620000,91.2,930,2.24,33.4,2.37,3.51,1.28,4.18,22.3,1.56,,
2021,WI,AARS,"43.313233, -89.334054",3,505,Seeding Depth Study,1.00,1,105,Aroostook,155,Roller Crimped,6/2/2021,Viking O.1518N,679525,NT,12797,440000,64.8,348,3.08,45.8,2.37,3.51,1.28,4.18,22.3,1.56,,
2021,WI,AARS,"43.313233, -89.334054",3,505,Seeding Depth Study,2.50,2,201,Aroostook,155,Roller Crimped,6/2/2021,Viking O.1518N,679525,NT,9380,260000,38.3,574,2.78,41.3,2.37,3.51,1.28,4.18,22.3,1.56,,
2021,WI,AARS,"43.313233, -89.334054",3,505,Seeding Depth Study,1.00,2,202,Aroostook,155,Roller Crimped,6/2/2021,Viking O.1518N,679525,NT,9380,480000,70.6,730,2.36,35.1,2.37,3.51,1.28,4.18,22.3,1.56,,
2021,WI,AARS,"43.313233, -89.334054",3,505,Seeding Depth Study,1.75,2,203,Aroostook,155,Roller Crimped,6/2/2021,Viking O.1518N,679525,NT,9380,460000,67.7,1282,1.94,28.8,2.37,3.51,1.28,4.18,22.3,1.56,,
2021,WI,AARS,"43.313233, -89.334054",3,505,Seeding Depth Study,3.25,2,204,Aroostook,155,Roller Crimped,6/2/2021,Viking O.1518N,679525,NT,9380,400000,58.9,264,2.38,35.3,2.37,3.51,1.28,4.18,22.3,1.56,,
2021,WI,AARS,"43.313233, -89.334054",3,505,Seeding Depth Study,0.25,2,205,Aroostook,155,Roller Crimped,6/2/2021,Viking O.1518N,679525,NT,9380,500000,73.6,310,2.53,37.6,2.37,3.51,1.28,4.18,22.3,1.56,,
2021,WI,AARS,"43.313233, -89.334054",3,505,Seeding Depth Study,0.25,3,301,Aroostook,155,Roller Crimped,6/2/2021,Viking O.1518N,679525,NT,9157,540000,79.5,148,3.04,45.1,2.37,3.51,1.28,4.18,22.3,1.56,,
2021,WI,AARS,"43.313233, -89.334054",3,505,Seeding Depth Study,1.75,3,302,Aroostook,155,Roller Crimped,6/2/2021,Viking O.1518N,679525,NT,9157,560000,82.4,780,1.83,27.2,2.37,3.51,1.28,4.18,22.3,1.56,,
2021,WI,AARS,"43.313233, -89.334054",3,505,Seeding Depth Study,2.50,3,303,Aroostook,155,Roller Crimped,6/2/2021,Viking O.1518N,679525,NT,9157,280000,41.2,230,2.47,36.7,2.37,3.51,1.28,4.18,22.3,1.56,,
2021,WI,AARS,"43.313233, -89.334054",3,505,Seeding Depth Study,1.00,3,304,Aroostook,155,Roller Crimped,6/2/2021,Viking O.1518N,679525,NT,9157,560000,82.4,436,2.22,33.1,2.37,3.51,1.28,4.18,22.3,1.56,,
2021,WI,AARS,"43.313233, -89.334054",3,505,Seeding Depth Study,3.25,3,305,Aroostook,155,Roller Crimped,6/2/2021,Viking O.1518N,679525,NT,9157,480000,70.6,116,2.31,34.4,2.37,3.51,1.28,4.18,22.3,1.56,,
2021,WI,AARS,"43.313233, -89.334054",3,505,Seeding Depth Study,1.00,4,401,Aroostook,155,Roller Crimped,6/2/2021,Viking O.1518N,679525,NT,11045,360000,53.0,92,2.97,44.1,2.37,3.51,1.28,4.18,22.3,1.56,,
2021,WI,AARS,"43.313233, -89.334054",3,505,Seeding Depth Study,0.25,4,402,Aroostook,155,Roller Crimped,6/2/2021,Viking O.1518N,679525,NT,11045,520000,76.5,1362,1.51,22.4,2.37,3.51,1.28,4.18,22.3,1.56,,
2021,WI,AARS,"43.313233, -89.334054",3,505,Seeding Depth Study,3.25,4,403,Aroostook,155,Roller Crimped,6/2/2021,Viking O.1518N,679525,NT,11045,440000,64.8,714,2.15,32.0,2.37,3.51,1.28,4.18,22.3,1.56,,
2021,WI,AARS,"43.313233, -89.334054",3,505,Seeding Depth Study,2.50,4,404,Aroostook,155,Roller Crimped,6/2/2021,Viking O.1518N,679525,NT,11045,520000,76.5,94,2.69,40.0,2.37,3.51,1.28,4.18,22.3,1.56,,
2021,WI,AARS,"43.313233, -89.334054",3,505,Seeding Depth Study,1.75,4,405,Aroostook,155,Roller Crimped,6/2/2021,Viking O.1518N,679525,NT,11045,480000,70.6,930,2.85,42.3,2.37,3.51,1.28,4.18,22.3,1.56,,
2021,WI,AARS,"43.313233, -89.334054",3,505,Seeding Depth Study,Tilled,1,106,NA,,NA,6/2/2021,Viking O.1518N,679525,Till,NA,NA,NA,NA,4.16,61.9,2.37,3.51,1.28,4.18,22.3,1.56,,
2021,WI,AARS,"43.313233, -89.334054",3,505,Seeding Depth Study,Tilled,2,206,NA,,NA,6/2/2021,Viking O.1518N,679525,Till,NA,NA,NA,NA,4.02,59.7,2.37,3.51,1.28,4.18,22.3,1.56,,
2021,WI,AARS,"43.313233, -89.334054",3,505,Seeding Depth Study,Tilled,3,306,NA,,NA,6/2/2021,Viking O.1518N,679525,Till,NA,NA,NA,NA,3.92,58.3,2.37,3.51,1.28,4.18,22.3,1.56,,
2021,WI,AARS,"43.313233, -89.334054",3,505,Seeding Depth Study,Tilled,4,406,NA,,NA,6/2/2021,Viking O.1518N,679525,Till,NA,NA,NA,NA,3.79,56.3,2.37,3.51,1.28,4.18,22.3,1.56,,
2021,WI,AARS,"43.313233, -89.334054",4,505,Starter Fertilizer Study,Control,1,101,Aroostook,155,Roller Crimped,6/4/2021,Viking IA1029,642460,NT,9576,369641,57.5,164,2.66,39.5,2.37,3.51,1.28,4.18,22.3,1.56,,
2021,WI,AARS,"43.313233, -89.334054",4,505,Starter Fertilizer Study,5-4-3,1,102,Aroostook,155,Roller Crimped,6/4/2021,Viking IA1029,642460,NT,9576,378390,58.9,302,2.77,41.2,2.37,3.51,1.28,4.18,22.3,1.56,,
2021,WI,AARS,"43.313233, -89.334054",4,505,Starter Fertilizer Study,8-2-2,1,103,Aroostook,155,Roller Crimped,6/4/2021,Viking IA1029,642460,NT,9576,321522,50.0,570,2.63,39.1,2.37,3.51,1.28,4.18,22.3,1.56,,
2021,WI,AARS,"43.313233, -89.334054",4,505,Starter Fertilizer Study,NaNO3,1,104,Aroostook,155,Roller Crimped,6/4/2021,Viking IA1029,642460,NT,9576,371829,57.9,758,2.41,35.9,2.37,3.51,1.28,4.18,22.3,1.56,,
2021,WI,AARS,"43.313233, -89.334054",4,505,Starter Fertilizer Study,8-2-2,2,201,Aroostook,155,Roller Crimped,6/4/2021,Viking IA1029,642460,NT,10094,284339,44.3,1456,2.47,36.7,2.37,3.51,1.28,4.18,22.3,1.56,,
2021,WI,AARS,"43.313233, -89.334054",4,505,Starter Fertilizer Study,NaNO3,2,202,Aroostook,155,Roller Crimped,6/4/2021,Viking IA1029,642460,NT,10094,279965,43.6,404,2.17,32.3,2.37,3.51,1.28,4.18,22.3,1.56,,
2021,WI,AARS,"43.313233, -89.334054",4,505,Starter Fertilizer Study,Control,2,203,Aroostook,155,Roller Crimped,6/4/2021,Viking IA1029,642460,NT,10094,203412,31.7,442,2.62,38.9,2.37,3.51,1.28,4.18,22.3,1.56,,
2021,WI,AARS,"43.313233, -89.334054",4,505,Starter Fertilizer Study,5-4-3,2,204,Aroostook,155,Roller Crimped,6/4/2021,Viking IA1029,642460,NT,10094,207787,32.3,944,2.62,39.0,2.37,3.51,1.28,4.18,22.3,1.56,,
2021,WI,AARS,"43.313233, -89.334054",4,505,Starter Fertilizer Study,NaNO3,3,301,Aroostook,155,Roller Crimped,6/4/2021,Viking IA1029,642460,NT,10381,415573,64.7,164,2.91,43.3,2.37,3.51,1.28,4.18,22.3,1.56,,
2021,WI,AARS,"43.313233, -89.334054",4,505,Starter Fertilizer Study,Control,3,302,Aroostook,155,Roller Crimped,6/4/2021,Viking IA1029,642460,NT,10381,271216,42.2,560,1.97,29.3,2.37,3.51,1.28,4.18,22.3,1.56,,
2021,WI,AARS,"43.313233, -89.334054",4,505,Starter Fertilizer Study,5-4-3,3,303,Aroostook,155,Roller Crimped,6/4/2021,Viking IA1029,642460,NT,10381,409011,63.7,764,2.34,34.8,2.37,3.51,1.28,4.18,22.3,1.56,,
2021,WI,AARS,"43.313233, -89.334054",4,505,Starter Fertilizer Study,8-2-2,3,304,Aroostook,155,Roller Crimped,6/4/2021,Viking IA1029,642460,NT,10381,406824,63.3,1254,1.37,20.4,2.37,3.51,1.28,4.18,22.3,1.56,,
2021,WI,AARS,"43.313233, -89.334054",4,505,Starter Fertilizer Study,5-4-3,4,401,Aroostook,155,Roller Crimped,6/4/2021,Viking IA1029,642460,NT,9840,336833,52.4,114,2.41,35.8,2.37,3.51,1.28,4.18,22.3,1.56,,
2021,WI,AARS,"43.313233, -89.334054",4,505,Starter Fertilizer Study,8-2-2,4,402,Aroostook,155,Roller Crimped,6/4/2021,Viking IA1029,642460,NT,9840,288714,44.9,228,1.65,24.6,2.37,3.51,1.28,4.18,22.3,1.56,,
2021,WI,AARS,"43.313233, -89.334054",4,505,Starter Fertilizer Study,NaNO3,4,403,Aroostook,155,Roller Crimped,6/4/2021,Viking IA1029,642460,NT,9840,236220,36.8,112,2.41,35.9,2.37,3.51,1.28,4.18,22.3,1.56,,
2021,WI,AARS,"43.313233, -89.334054",4,505,Starter Fertilizer Study,Control,4,404,Aroostook,155,Roller Crimped,6/4/2021,Viking IA1029,642460,NT,9840,236220,36.8,294,2.10,31.2,2.37,3.51,1.28,4.18,22.3,1.56,,
2021,WI,AARS,"43.313233, -89.334054",4,505,Starter Fertilizer Study,Tilled,1,105,NA,,NA,6/4/2021,Viking IA1029,642460,Till,NA,NA,NA,NA,4.31,64.1,2.37,3.51,1.28,4.18,22.3,1.56,,
2021,WI,AARS,"43.313233, -89.334054",4,505,Starter Fertilizer Study,Tilled,2,205,NA,,NA,6/4/2021,Viking IA1029,642460,Till,NA,NA,NA,NA,4.08,60.7,2.37,3.51,1.28,4.18,22.3,1.56,,
2021,WI,AARS,"43.313233, -89.334054",4,505,Starter Fertilizer Study,Tilled,3,305,NA,,NA,6/4/2021,Viking IA1029,642460,Till,NA,NA,NA,NA,3.95,58.8,2.37,3.51,1.28,4.18,22.3,1.56,,
2021,WI,AARS,"43.313233, -89.334054",4,505,Starter Fertilizer Study,Tilled,4,405,NA,,NA,6/4/2021,Viking IA1029,642460,Till,NA,NA,NA,NA,3.74,55.6,2.37,3.51,1.28,4.18,22.3,1.56,,
2020,WI,AARS,"43.311958, -89.331660",5,502,CCBRT Soybean,Spooner Drill,1,3,Spooner,162,Roller Crimped,6/2/2020,O.1706NP,531265,NT,NA,352529,66.4,14.3,3.54,52.7,4.30,4.37,5.39,3.58,37.2,5.45,,
2020,WI,AARS,"43.311958, -89.331660",5,502,CCBRT Soybean,Spooner Planter,1,4,Spooner,162,Roller Crimped,6/2/2020,O.1706NP,531265,NT,NA,291578,54.9,43.9,3.70,55.0,4.30,4.37,5.39,3.58,37.2,5.45,,
2020,WI,AARS,"43.311958, -89.331660",5,502,CCBRT Soybean,Danko Drill,1,5,Danko,195,Roller Crimped,6/2/2020,O.1706NP,531265,NT,NA,327819,61.7,48.4,4.03,59.9,4.30,4.37,5.39,3.58,37.2,5.45,,
2020,WI,AARS,"43.311958, -89.331660",5,502,CCBRT Soybean,Danko Planter,1,6,Danko,195,Roller Crimped,6/2/2020,O.1706NP,531265,NT,NA,266044,50.1,45.9,3.66,54.5,4.30,4.37,5.39,3.58,37.2,5.45,,
2020,WI,AARS,"43.311958, -89.331660",5,502,CCBRT Soybean,Control ,1,10,Control,NA,Roller Crimped,6/2/2020,O.1706NP,531265,Till,NA,405244,76.3,0.0,3.75,55.7,4.30,4.37,5.39,3.58,37.2,5.45,,
2020,WI,AARS,"43.311958, -89.331660",5,502,CCBRT Soybean,Danko Drill,2,11,Danko,195,Roller Crimped,6/2/2020,O.1706NP,531265,NT,NA,407715,76.7,44.7,3.85,57.3,4.30,4.37,5.39,3.58,37.2,5.45,,
2020,WI,AARS,"43.311958, -89.331660",5,502,CCBRT Soybean,Danko Planter,2,12,Danko,195,Roller Crimped,6/2/2020,O.1706NP,531265,NT,NA,252866,47.6,87.8,3.63,53.9,4.30,4.37,5.39,3.58,37.2,5.45,,
2020,WI,AARS,"43.311958, -89.331660",5,502,CCBRT Soybean,Control ,2,18,Control,NA,Roller Crimped,6/2/2020,O.1706NP,531265,Till,NA,218272,41.1,0.0,3.75,55.7,4.30,4.37,5.39,3.58,37.2,5.45,,
2020,WI,AARS,"43.311958, -89.331660",5,502,CCBRT Soybean,Spooner Drill,2,19,Spooner,162,Roller Crimped,6/2/2020,O.1706NP,531265,NT,NA,373945,70.4,0.0,3.90,58.0,4.30,4.37,5.39,3.58,37.2,5.45,,
2020,WI,AARS,"43.311958, -89.331660",5,502,CCBRT Soybean,Spooner Planter,2,20,Spooner,162,Roller Crimped,6/2/2020,O.1706NP,531265,NT,NA,434896,81.9,0.0,3.63,54.0,4.30,4.37,5.39,3.58,37.2,5.45,,
2020,WI,AARS,"43.311958, -89.331660",5,502,CCBRT Soybean,Control ,3,26,Control,NA,Roller Crimped,6/2/2020,O.1706NP,531265,Till,NA,358295,67.4,0.0,3.60,53.5,4.30,4.37,5.39,3.58,37.2,5.45,,
2020,WI,AARS,"43.311958, -89.331660",5,502,CCBRT Soybean,Danko Drill,3,27,Danko,195,Roller Crimped,6/2/2020,O.1706NP,531265,NT,NA,386300,72.7,0.0,3.56,53.0,4.30,4.37,5.39,3.58,37.2,5.45,,
2020,WI,AARS,"43.311958, -89.331660",5,502,CCBRT Soybean,Danko Planter,3,28,Danko,195,Roller Crimped,6/2/2020,O.1706NP,531265,NT,NA,427483,80.5,14.9,3.60,53.6,4.30,4.37,5.39,3.58,37.2,5.45,,
2020,WI,AARS,"43.311958, -89.331660",5,502,CCBRT Soybean,Spooner Drill,3,29,Spooner,162,Roller Crimped,6/2/2020,O.1706NP,531265,NT,NA,384652,72.4,86.5,3.98,59.1,4.30,4.37,5.39,3.58,37.2,5.45,,
2020,WI,AARS,"43.311958, -89.331660",5,502,CCBRT Soybean,Spooner Planter,3,30,Spooner,162,Roller Crimped,6/2/2020,O.1706NP,531265,NT,NA,457959,86.2,133.2,3.68,54.8,4.30,4.37,5.39,3.58,37.2,5.45,,
2020,WI,AARS,"43.311958, -89.331660",5,502,CCBRT Soybean,Control ,4,34,Control,NA,Roller Crimped,6/2/2020,O.1706NP,531265,Till,NA,404750,76.2,132.5,4.41,65.6,4.30,4.37,5.39,3.58,37.2,5.45,,
2020,WI,AARS,"43.311958, -89.331660",5,502,CCBRT Soybean,Danko Drill,4,37,Danko,195,Roller Crimped,6/2/2020,O.1706NP,531265,NT,NA,325727,61.3,0.0,3.90,58.1,4.30,4.37,5.39,3.58,37.2,5.45,,
2020,WI,AARS,"43.311958, -89.331660",5,502,CCBRT Soybean,Danko Planter,4,38,Danko,195,Roller Crimped,6/2/2020,O.1706NP,531265,NT,NA,352711,66.4,0.0,3.61,53.6,4.30,4.37,5.39,3.58,37.2,5.45,,
2020,WI,AARS,"43.311958, -89.331660",5,502,CCBRT Soybean,Spooner Drill,4,39,Spooner,162,Roller Crimped,6/2/2020,O.1706NP,531265,NT,NA,348856,65.7,224.6,4.20,62.4,4.30,4.37,5.39,3.58,37.2,5.45,,
2020,WI,AARS,"43.311958, -89.331660",5,502,CCBRT Soybean,Spooner Planter,4,40,Spooner,162,Roller Crimped,6/2/2020,O.1706NP,531265,NT,NA,447152,84.2,302.9,3.42,50.8,4.30,4.37,5.39,3.58,37.2,5.45,,
2019,WI,AARS,"43.311840, -89.334111",6,504,CCBRT Soybean,Aroostook,1,2,Aroostook,146,Roller Crimped,6/5/2019,NA,531265,NT,9580,380534,71.6,31.3,3.00,44.6,6.95,4.06,5.37,4.86,46.4,5.79,,
2019,WI,AARS,"43.311840, -89.334111",6,504,CCBRT Soybean,Propower,1,3,Propower,186,Roller Crimped,6/10/2019,NA,531265,NT,14013,420894,79.2,0.0,3.33,49.5,6.95,4.06,5.37,4.86,46.4,5.79,,
2019,WI,AARS,"43.311840, -89.334111",6,504,CCBRT Soybean,Spooner,1,4,Spooner,200,Roller Crimped,6/5/2019,NA,531265,NT,10693,368179,69.3,47.1,2.86,42.5,6.95,4.06,5.37,4.86,46.4,5.79,,
2019,WI,AARS,"43.311840, -89.334111",6,504,CCBRT Soybean,Control,1,5,NA,NA,Roller Crimped,6/5/2019,NA,531265,Till,0,375592,70.7,14.4,3.18,47.3,6.95,4.06,5.37,4.86,46.4,5.79,,
2019,WI,AARS,"43.311840, -89.334111",6,504,CCBRT Soybean,Propower,2,6,Propower,186,Roller Crimped,6/10/2019,NA,531265,NT,12810,467843,88.1,3.6,3.29,48.9,6.95,4.06,5.37,4.86,46.4,5.79,,
2019,WI,AARS,"43.311840, -89.334111",6,504,CCBRT Soybean,Control,2,7,NA,NA,Roller Crimped,6/5/2019,NA,531265,Till,0,400302,75.3,0.0,3.06,45.4,6.95,4.06,5.37,4.86,46.4,5.79,,
2019,WI,AARS,"43.311840, -89.334111",6,504,CCBRT Soybean,Spooner,2,9,Spooner,200,Roller Crimped,6/5/2019,NA,531265,NT,9672,383829,72.2,177.4,3.35,49.8,6.95,4.06,5.37,4.86,46.4,5.79,,
2019,WI,AARS,"43.311840, -89.334111",6,504,CCBRT Soybean,Aroostook,2,10,Aroostook,146,Roller Crimped,6/5/2019,NA,531265,NT,9942,370650,69.8,210.1,2.45,36.5,6.95,4.06,5.37,4.86,46.4,5.79,,
2019,WI,AARS,"43.311840, -89.334111",6,504,CCBRT Soybean,Propower,3,11,Propower,186,Roller Crimped,6/10/2019,NA,531265,NT,12403,422541,79.5,905.3,2.88,42.9,6.95,4.06,5.37,4.86,46.4,5.79,,
2019,WI,AARS,"43.311840, -89.334111",6,504,CCBRT Soybean,Control,3,13,NA,NA,Roller Crimped,6/5/2019,NA,531265,Till,0,400302,75.3,28.0,3.23,48.0,6.95,4.06,5.37,4.86,46.4,5.79,,
2019,WI,AARS,"43.311840, -89.334111",6,504,CCBRT Soybean,Aroostook,3,14,Aroostook,146,Roller Crimped,6/5/2019,NA,531265,NT,10449,307228,57.8,1104.5,1.86,27.7,6.95,4.06,5.37,4.86,46.4,5.79,,
2019,WI,AARS,"43.311840, -89.334111",6,504,CCBRT Soybean,Spooner,3,15,Spooner,200,Roller Crimped,6/5/2019,NA,531265,NT,9722,361590,68.1,1136.1,2.62,39.0,6.95,4.06,5.37,4.86,46.4,5.79,,
2019,WI,AARS,"43.311840, -89.334111",6,504,CCBRT Soybean,Control,4,17,NA,NA,Roller Crimped,6/5/2019,NA,531265,Till,0,406891,76.6,428.2,4.00,59.5,6.95,4.06,5.37,4.86,46.4,5.79,,
2019,WI,AARS,"43.311840, -89.334111",6,504,CCBRT Soybean,Aroostook,4,18,Aroostook,146,Roller Crimped,6/5/2019,NA,531265,NT,8238,435720,82.0,0.0,3.56,53.0,6.95,4.06,5.37,4.86,46.4,5.79,,
2019,WI,AARS,"43.311840, -89.334111",6,504,CCBRT Soybean,Propower,4,19,Propower,186,Roller Crimped,6/10/2019,NA,531265,NT,13985,429130,80.8,7.2,3.58,53.2,6.95,4.06,5.37,4.86,46.4,5.79,,
2019,WI,AARS,"43.311840, -89.334111",6,504,CCBRT Soybean,Spooner,4,20,Spooner,200,Roller Crimped,6/5/2019,NA,531265,NT,10203,304757,57.4,38.8,2.88,42.9,6.95,4.06,5.37,4.86,46.4,5.79,,
2018,WI,AARS,"43.313258, -89.331746",7,503,No-Till Soybeans,Aroostook Curvetine,1,1,Aroostook,168,Roller Crimped,6/6/2018,Viking O.1706,555975,NT,4196,459606,82.7,0,3.41,53.5,7.12,5.26,2.40,9.44,43.8,2.89,,
2018,WI,AARS,"43.313258, -89.331747",7,503,No-Till Soybeans,Aroostook Yetter,1,2,Aroostook,168,Roller Crimped,6/6/2018,Viking O.1706,555975,NT,7168,421717,75.9,106,3.93,61.6,7.12,5.26,2.40,9.44,43.8,2.89,,
2018,WI,AARS,"43.313258, -89.331748",7,503,No-Till Soybeans,Aroostook Martin,1,3,Aroostook,168,Roller Crimped,6/6/2018,Viking O.1706,555975,NT,7256,415128,74.7,86,3.88,60.8,7.12,5.26,2.40,9.44,43.8,2.89,,
2018,WI,AARS,"43.313258, -89.331749",7,503,No-Till Soybeans,Aroostook Martin,2,19,Aroostook,168,Roller Crimped,6/6/2018,Viking O.1706,555975,NT,6083,324525,58.4,0,3.74,58.6,7.12,5.26,2.40,9.44,43.8,2.89,,
2018,WI,AARS,"43.313258, -89.331750",7,503,No-Till Soybeans,Aroostook Curvetine,2,20,Aroostook,168,Roller Crimped,6/6/2018,Viking O.1706,555975,NT,7940,241334,43.4,26,3.59,56.2,7.12,5.26,2.40,9.44,43.8,2.89,,
2018,WI,AARS,"43.313258, -89.331751",7,503,No-Till Soybeans,Aroostook Yetter,2,21,Aroostook,168,Roller Crimped,6/6/2018,Viking O.1706,555975,NT,8254,331938,59.7,0,3.65,57.1,7.12,5.26,2.40,9.44,43.8,2.89,,
2018,WI,AARS,"43.313258, -89.331752",7,503,No-Till Soybeans,Aroostook Martin,3,40,Aroostook,168,Roller Crimped,6/6/2018,Viking O.1706,555975,NT,6204,301462,54.2,0,3.41,53.4,7.12,5.26,2.40,9.44,43.8,2.89,,
2018,WI,AARS,"43.313258, -89.331753",7,503,No-Till Soybeans,Aroostook Curvetine,3,41,Aroostook,168,Roller Crimped,6/6/2018,Viking O.1706,555975,NT,7374,315464,56.7,263,3.34,52.3,7.12,5.26,2.40,9.44,43.8,2.89,,
2018,WI,AARS,"43.313258, -89.331754",7,503,No-Till Soybeans,Aroostook Yetter,3,42,Aroostook,168,Roller Crimped,6/6/2018,Viking O.1706,555975,NT,7002,247924,44.6,177,2.46,38.6,7.12,5.26,2.40,9.44,43.8,2.89,,
2018,WI,AARS,"43.313258, -89.331755",7,503,No-Till Soybeans,Aroostook Martin,4,46,Aroostook,168,Roller Crimped,6/6/2018,Viking O.1706,555975,NT,6184,216624,39.0,0,3.42,53.6,7.12,5.26,2.40,9.44,43.8,2.89,,
2018,WI,AARS,"43.313258, -89.331756",7,503,No-Till Soybeans,Aroostook Yetter,4,47,Aroostook,168,Roller Crimped,6/6/2018,Viking O.1706,555975,NT,5866,359119,64.6,0,3.51,54.9,7.12,5.26,2.40,9.44,43.8,2.89,,
2018,WI,AARS,"43.313258, -89.331757",7,503,No-Till Soybeans,Aroostook Curvetine,4,48,Aroostook,168,Roller Crimped,6/6/2018,Viking O.1706,555975,NT,5725,410186,73.8,0,3.73,58.4,7.12,5.26,2.40,9.44,43.8,2.89,,
2018,WI,AARS,"43.313258, -89.331758",7,503,No-Till Soybeans,Spooner Yetter,1,13,Spooner,168,Roller Crimped,6/6/2018,Viking O.1706,555975,NT,4995,373945,67.3,85,3.17,49.7,7.12,5.26,2.40,9.44,43.8,2.89,,
2018,WI,AARS,"43.313258, -89.331759",7,503,No-Till Soybeans,Spooner Martin,1,14,Spooner,168,Roller Crimped,6/6/2018,Viking O.1706,555975,NT,5786,476903,85.8,411,3.79,59.4,7.12,5.26,2.40,9.44,43.8,2.89,,
2018,WI,AARS,"43.313258, -89.331760",7,503,No-Till Soybeans,Spooner Curvetine,1,15,Spooner,168,Roller Crimped,6/6/2018,Viking O.1706,555975,NT,5571,437367,78.7,65,3.68,57.6,7.12,5.26,2.40,9.44,43.8,2.89,,
2018,WI,AARS,"43.313258, -89.331761",7,503,No-Till Soybeans,Spooner Curvetine,2,22,Spooner,168,Roller Crimped,6/6/2018,Viking O.1706,555975,NT,6923,268515,48.3,331,3.14,49.1,7.12,5.26,2.40,9.44,43.8,2.89,,
2018,WI,AARS,"43.313258, -89.331762",7,503,No-Till Soybeans,Spooner Martin,2,23,Spooner,168,Roller Crimped,6/6/2018,Viking O.1706,555975,NT,6502,324525,58.4,4,2.44,38.2,7.12,5.26,2.40,9.44,43.8,2.89,,
2018,WI,AARS,"43.313258, -89.331763",7,503,No-Till Soybeans,Spooner Yetter,2,24,Spooner,168,Roller Crimped,6/6/2018,Viking O.1706,555975,NT,6532,420894,75.7,286,2.78,43.5,7.12,5.26,2.40,9.44,43.8,2.89,,
2018,WI,AARS,"43.313258, -89.331764",7,503,No-Till Soybeans,Spooner Yetter,3,43,Spooner,168,Roller Crimped,6/6/2018,Viking O.1706,555975,NT,4264,485140,87.3,146,3.35,52.5,7.12,5.26,2.40,9.44,43.8,2.89,,
2018,WI,AARS,"43.313258, -89.331765",7,503,No-Till Soybeans,Spooner Martin,3,44,Spooner,168,Roller Crimped,6/6/2018,Viking O.1706,555975,NT,7046,410186,73.8,37,3.49,54.7,7.12,5.26,2.40,9.44,43.8,2.89,,
2018,WI,AARS,"43.313258, -89.331766",7,503,No-Till Soybeans,Spooner Curvetine,3,45,Spooner,168,Roller Crimped,6/6/2018,Viking O.1706,555975,NT,6948,365708,65.8,1,3.67,57.4,7.12,5.26,2.40,9.44,43.8,2.89,,
2018,WI,AARS,"43.313258, -89.331767",7,503,No-Till Soybeans,Spooner Martin,4,55,Spooner,168,Roller Crimped,6/6/2018,Viking O.1706,555975,NT,5149,444780,80.0,1374,3.01,47.2,7.12,5.26,2.40,9.44,43.8,2.89,,
2018,WI,AARS,"43.313258, -89.331768",7,503,No-Till Soybeans,Spooner Yetter,4,56,Spooner,168,Roller Crimped,6/6/2018,Viking O.1706,555975,NT,8571,415952,74.8,0,3.41,53.4,7.12,5.26,2.40,9.44,43.8,2.89,,
2018,WI,AARS,"43.313258, -89.331769",7,503,No-Till Soybeans,Spooner Curvetine,4,57,Spooner,168,Roller Crimped,6/6/2018,Viking O.1706,555975,NT,5242,389594,70.1,1,3.61,56.5,7.12,5.26,2.40,9.44,43.8,2.89,,
2018,WI,AARS,"43.313258, -89.331770",7,503,No-Till Soybeans,Tilled Martin,1,4,No Rye,NA,NA,6/6/2018,Viking O.1706,555975,Till,NA,453017,81.5,185,3.41,53.4,7.12,5.26,2.40,9.44,43.8,2.89,,
2018,WI,AARS,"43.313258, -89.331771",7,503,No-Till Soybeans,Tilled Curvetine,1,5,No Rye,NA,NA,6/6/2018,Viking O.1706,555975,Till,NA,421717,75.9,143,3.62,56.6,7.12,5.26,2.40,9.44,43.8,2.89,,
2018,WI,AARS,"43.313258, -89.331772",7,503,No-Till Soybeans,Tilled Yetter,1,6,No Rye,NA,NA,6/6/2018,Viking O.1706,555975,Till,NA,450546,81.0,598,3.72,58.2,7.12,5.26,2.40,9.44,43.8,2.89,,
2018,WI,AARS,"43.313258, -89.331773",7,503,No-Till Soybeans,Tilled Yetter,2,28,No Rye,NA,NA,6/6/2018,Viking O.1706,555975,Till,NA,467019,84.0,0,4.61,72.2,7.12,5.26,2.40,9.44,43.8,2.89,,
2018,WI,AARS,"43.313258, -89.331774",7,503,No-Till Soybeans,Tilled Martin,2,29,No Rye,NA,NA,6/6/2018,Viking O.1706,555975,Till,NA,437367,78.7,97,3.96,62.0,7.12,5.26,2.40,9.44,43.8,2.89,,
2018,WI,AARS,"43.313258, -89.331775",7,503,No-Till Soybeans,Tilled Curvetine,2,30,No Rye,NA,NA,6/6/2018,Viking O.1706,555975,Till,NA,427483,76.9,0,3.53,55.3,7.12,5.26,2.40,9.44,43.8,2.89,,
2018,WI,AARS,"43.313258, -89.331776",7,503,No-Till Soybeans,Tilled Martin,3,34,No Rye,NA,NA,6/6/2018,Viking O.1706,555975,Till,NA,473608,85.2,0,3.13,49.0,7.12,5.26,2.40,9.44,43.8,2.89,,
2018,WI,AARS,"43.313258, -89.331777",7,503,No-Till Soybeans,Tilled Curvetine,3,35,No Rye,NA,NA,6/6/2018,Viking O.1706,555975,Till,NA,462901,83.3,19,3.63,56.8,7.12,5.26,2.40,9.44,43.8,2.89,,
2018,WI,AARS,"43.313258, -89.331778",7,503,No-Till Soybeans,Tilled Yetter,3,36,No Rye,NA,NA,6/6/2018,Viking O.1706,555975,Till,NA,494200,88.9,0,3.37,52.8,7.12,5.26,2.40,9.44,43.8,2.89,,
2018,WI,AARS,"43.313258, -89.331779",7,503,No-Till Soybeans,Tilled Curvetine,4,52,No Rye,NA,NA,6/6/2018,Viking O.1706,555975,Till,NA,432425,77.8,2346,4.06,63.6,7.12,5.26,2.40,9.44,43.8,2.89,,
2018,WI,AARS,"43.313258, -89.331780",7,503,No-Till Soybeans,Tilled Martin,4,53,No Rye,NA,NA,6/6/2018,Viking O.1706,555975,Till,NA,488434,87.9,402,3.70,58.0,7.12,5.26,2.40,9.44,43.8,2.89,,
2018,WI,AARS,"43.313258, -89.331781",7,503,No-Till Soybeans,Tilled Yetter,4,54,No Rye,NA,NA,6/6/2018,Viking O.1706,555975,Till,NA,437367,78.7,289,3.26,51.0,7.12,5.26,2.40,9.44,43.8,2.89,,
2017,WI,AARS,"43.311539, -89.331618",8,502,No-Till Soybeans,Spooner,1,"5,6",Spooner,168,Roller Crimped,6/1/2017,Viking O.1706,555975,NT,13234,316160,56.9,22,3.24,48.2,3.27,6.07,4.66,1.69,33.7,3.71,,
2017,WI,AARS,"43.311539, -89.331618",8,502,No-Till Soybeans,Control,1,"9,10",No Rye,NA,NA,6/1/2017,Viking O.1706,555975,Till,NA,334273,60.1,100,3.06,45.5,3.27,6.07,4.66,1.69,33.7,3.71,,
2017,WI,AARS,"43.311539, -89.331618",8,502,No-Till Soybeans,Aroostook,1,"13,14",Aroostook,168,Roller Crimped,5/30/2017,Viking O.1706,555975,NT,13311,NA,NA,320,3.14,46.8,3.27,6.07,4.66,1.69,33.7,3.71,,
2017,WI,AARS,"43.311539, -89.331618",8,502,No-Till Soybeans,Spooner,2,"15,16",Spooner,168,Roller Crimped,6/1/2017,Viking O.1706,555975,NT,11816,296400,53.3,264,2.86,42.5,3.27,6.07,4.66,1.69,33.7,3.71,,
2017,WI,AARS,"43.311539, -89.331618",8,502,No-Till Soybeans,Control,2,"17,18",No Rye,NA,NA,6/1/2017,Viking O.1706,555975,Till,NA,307927,55.4,0,3.05,45.3,3.27,6.07,4.66,1.69,33.7,3.71,,
2017,WI,AARS,"43.311539, -89.331618",8,502,No-Till Soybeans,Aroostook,2,"19,20",Aroostook,168,Roller Crimped,5/30/2017,Viking O.1706,555975,NT,13357,130910,23.5,287,2.72,40.4,3.27,6.07,4.66,1.69,33.7,3.71,,
2017,WI,AARS,"43.311539, -89.331618",8,502,No-Till Soybeans,Control,3,"25,26",No Rye,NA,NA,6/1/2017,Viking O.1706,555975,Till,NA,410020,73.7,0,3.26,48.4,3.27,6.07,4.66,1.69,33.7,3.71,,
2017,WI,AARS,"43.311539, -89.331618",8,502,No-Till Soybeans,Spooner,3,"27,28",Spooner,168,Roller Crimped,6/1/2017,Viking O.1706,555975,NT,12787,219830,39.5,0,3.10,46.1,3.27,6.07,4.66,1.69,33.7,3.71,,
2017,WI,AARS,"43.311539, -89.331618",8,502,No-Till Soybeans,Aroostook,3,"29,30",Aroostook,168,Roller Crimped,5/30/2017,Viking O.1706,555975,NT,12140,243707,43.8,10,2.75,40.9,3.27,6.07,4.66,1.69,33.7,3.71,,
2017,WI,AARS,"43.311539, -89.331618",8,502,No-Till Soybeans,Control,4,"33,34",No Rye,NA,NA,6/1/2017,Viking O.1706,555975,Till,NA,410020,73.7,0,3.15,46.9,3.27,6.07,4.66,1.69,33.7,3.71,,
2017,WI,AARS,"43.311539, -89.331618",8,502,No-Till Soybeans,Aroostook,4,"37,38",Aroostook,168,Roller Crimped,5/30/2017,Viking O.1706,555975,NT,11462,189367,34.1,4,2.76,41.0,3.27,6.07,4.66,1.69,33.7,3.71,,
2017,WI,AARS,"43.311539, -89.331618",8,502,No-Till Soybeans,Spooner,4,"39,40",Spooner,168,Roller Crimped,6/1/2017,Viking O.1706,555975,NT,12895,226417,40.7,43,2.53,37.6,3.27,6.07,4.66,1.69,33.7,3.71,,
2015,WI,AARS,"43.302288, -89.344297",9,447B,No-Till Soybeans,Tilled Control (0 N),1,1,Spooner,NA,NA,6/3/2015,Viking O.1706N,578214,Till,NA,405244,70.1,NA,4.15,61.8,4.40,3.13,3.16,4.33,39.1,5.32,,
2015,WI,AARS,"43.302288, -89.344297",9,447B,No-Till Soybeans,1 ton N,1,2,Spooner,NA,Roller Crimped,6/3/2015,Viking O.1706N,578214,NT,12304,340998,59.0,NA,3.81,56.7,4.40,3.13,3.16,4.33,39.1,5.32,,
2015,WI,AARS,"43.302288, -89.344297",9,447B,No-Till Soybeans,0 ton N,1,3,Spooner,NA,Roller Crimped,6/3/2015,Viking O.1706N,578214,NT,11283,411010,71.1,NA,3.48,51.7,4.40,3.13,3.16,4.33,39.1,5.32,,
2015,WI,AARS,"43.302288, -89.344297",9,447B,No-Till Soybeans,0.5 ton N,1,4,Spooner,NA,Roller Crimped,6/3/2015,Viking O.1706N,578214,NT,10733,429954,74.4,NA,3.99,59.3,4.40,3.13,3.16,4.33,39.1,5.32,,
2015,WI,AARS,"43.302288, -89.344297",9,447B,No-Till Soybeans,0 ton N,2,5,Spooner,NA,Roller Crimped,6/3/2015,Viking O.1706N,578214,NT,12539,390418,67.5,NA,3.76,55.9,4.40,3.13,3.16,4.33,39.1,5.32,,
2015,WI,AARS,"43.302288, -89.344297",9,447B,No-Till Soybeans,0.5 ton N,2,6,Spooner,NA,Roller Crimped,6/3/2015,Viking O.1706N,578214,NT,11931,397831,68.8,NA,3.73,55.4,4.40,3.13,3.16,4.33,39.1,5.32,,
2015,WI,AARS,"43.302288, -89.344297",9,447B,No-Till Soybeans,1 ton N,2,7,Spooner,NA,Roller Crimped,6/3/2015,Viking O.1706N,578214,NT,11844,384652,66.5,NA,3.74,55.6,4.40,3.13,3.16,4.33,39.1,5.32,,
2015,WI,AARS,"43.302288, -89.344297",9,447B,No-Till Soybeans,Tilled Control (0 N),2,8,Spooner,NA,NA,6/3/2015,Viking O.1706N,578214,Till,NA,406891,70.4,NA,4.19,62.4,4.40,3.13,3.16,4.33,39.1,5.32,,
2015,WI,AARS,"43.302288, -89.344297",9,447B,No-Till Soybeans,Tilled Control (0 N),3,9,Spooner,NA,NA,6/3/2015,Viking O.1706N,578214,Till,NA,427483,73.9,NA,4.14,61.5,4.40,3.13,3.16,4.33,39.1,5.32,,
2015,WI,AARS,"43.302288, -89.344297",9,447B,No-Till Soybeans,0.5 ton N,3,10,Spooner,NA,Roller Crimped,6/3/2015,Viking O.1706N,578214,NT,11771,399478,69.1,NA,3.44,51.2,4.40,3.13,3.16,4.33,39.1,5.32,,
2015,WI,AARS,"43.302288, -89.344297",9,447B,No-Till Soybeans,1 ton N,3,11,Spooner,NA,Roller Crimped,6/3/2015,Viking O.1706N,578214,NT,12024,350882,60.7,NA,3.66,54.4,4.40,3.13,3.16,4.33,39.1,5.32,,
2015,WI,AARS,"43.302288, -89.344297",9,447B,No-Till Soybeans,0 ton N,3,12,Spooner,NA,Roller Crimped,6/3/2015,Viking O.1706N,578214,NT,12584,398655,68.9,NA,3.44,51.2,4.40,3.13,3.16,4.33,39.1,5.32,,
2014,WI,AARS,"43.301538, -89.343130",10,447A,No-Till Soybeans,NT,1,1,Spooner,NA,Roller Crimped,NA,NA,NA,NT,12165,270163,NA,NA,3.15,46.8,2.81,9.35,1.88,3.71,34.3,3.06,,
2014,WI,AARS,"43.301538, -89.343130",10,447A,No-Till Soybeans,NT,1,2,Spooner,NA,Roller Crimped,NA,NA,NA,NT,8469,266868,NA,NA,2.92,43.4,2.81,9.35,1.88,3.71,34.3,3.06,,
2014,WI,AARS,"43.301538, -89.343130",10,447A,No-Till Soybeans,NT,1,3,Spooner,NA,Roller Crimped,NA,NA,NA,NT,9021,260279,NA,NA,3.15,46.9,2.81,9.35,1.88,3.71,34.3,3.06,,
2014,WI,AARS,"43.301538, -89.343130",10,447A,No-Till Soybeans,T,1,4,Spooner,NA,NA,NA,NA,NA,Till,NA,248747,NA,NA,2.91,43.3,2.81,9.35,1.88,3.71,34.3,3.06,,
2014,WI,AARS,"43.301538, -89.343130",10,447A,No-Till Soybeans,T,2,5,Spooner,NA,NA,NA,NA,NA,Till,NA,302286,NA,NA,2.86,42.5,2.81,9.35,1.88,3.71,34.3,3.06,,
2014,WI,AARS,"43.301538, -89.343130",10,447A,No-Till Soybeans,NT,2,6,Spooner,NA,Roller Crimped,NA,NA,NA,NT,8920,255337,NA,NA,2.93,43.5,2.81,9.35,1.88,3.71,34.3,3.06,,
2014,WI,AARS,"43.301538, -89.343130",10,447A,No-Till Soybeans,NT,2,7,Spooner,NA,Roller Crimped,NA,NA,NA,NT,9125,228156,NA,NA,2.42,36.0,2.81,9.35,1.88,3.71,34.3,3.06,,
2014,WI,AARS,"43.301538, -89.343130",10,447A,No-Till Soybeans,NT,2,8,Spooner,NA,Roller Crimped,NA,NA,NA,NT,9531,252042,NA,NA,2.85,42.3,2.81,9.35,1.88,3.71,34.3,3.06,,
2014,WI,AARS,"43.301538, -89.343130",10,447A,No-Till Soybeans,NT,3,9,Spooner,NA,Roller Crimped,NA,NA,NA,NT,10515,256984,NA,NA,3.07,45.6,2.81,9.35,1.88,3.71,34.3,3.06,,
2014,WI,AARS,"43.301538, -89.343130",10,447A,No-Till Soybeans,NT,3,10,Spooner,NA,Roller Crimped,NA,NA,NA,NT,12827,304757,NA,NA,3.07,45.6,2.81,9.35,1.88,3.71,34.3,3.06,,
2014,WI,AARS,"43.301538, -89.343130",10,447A,No-Till Soybeans,NT,3,11,Spooner,NA,Roller Crimped,NA,NA,NA,NT,12416,254513,NA,NA,3.06,45.5,2.81,9.35,1.88,3.71,34.3,3.06,,
2014,WI,AARS,"43.301538, -89.343130",10,447A,No-Till Soybeans,T,3,12,Spooner,NA,NA,NA,NA,NA,Till,NA,261102,NA,NA,3.78,56.2,2.81,9.35,1.88,3.71,34.3,3.06,,
2013,NY,Musgrave,"42.734367, -76.657081",NA,NA, BARNS,SNT= std NT,1,a1,Aroostook,121,Roller Crimped,6/19/2013,HS13A11,740000,NT,4123,704466,95.2,666,3.31,49.2,3.6,6.38,3.23,5.82,NA,NA,10.1017/wsc.2016.23,
2013,NY,Musgrave,"42.734367, -76.657081",NA,NA, BARNS,SNT= std NT,2,a1,Aroostook,121,Roller Crimped,6/19/2013,HS13A11,740000,NT,6810,765724,103.5,611,2.80,41.6,3.6,6.38,3.23,5.82,NA,NA,10.1017/wsc.2016.23,
2013,NY,Musgrave,"42.734367, -76.657081",NA,NA, BARNS,SNT= std NT,3,a1,Aroostook,121,Roller Crimped,6/19/2013,HS13A11,740000,NT,5210,671649,90.8,284,2.67,39.7,3.6,6.38,3.23,5.82,NA,NA,10.1017/wsc.2016.23,
2013,NY,Musgrave,"42.734367, -76.657081",NA,NA, BARNS,SNT= std NT,4,a1,Aroostook,121,Roller Crimped,6/19/2013,HS13A11,740000,NT,4585,700091,94.6,636,2.81,41.8,3.6,6.38,3.23,5.82,NA,NA,10.1017/wsc.2016.23,
2013,NY,Musgrave,"42.734367, -76.657081",NA,NA, BARNS,Interrow Cultivation,1,NA,NA,NA,NA,6/19/2013,HS13A11,740000,Till,NA,NA,NA,NA,2.78,41.4,3.6,6.38,3.23,5.82,NA,NA,10.1017/wsc.2016.23,
2013,NY,Musgrave,"42.734367, -76.657081",NA,NA, BARNS,Interrow Cultivation,2,NA,NA,NA,NA,6/19/2013,HS13A11,740000,Till,NA,NA,NA,NA,3.11,46.2,3.6,6.38,3.23,5.82,NA,NA,10.1017/wsc.2016.23,
2013,NY,Musgrave,"42.734367, -76.657081",NA,NA, BARNS,Interrow Cultivation,3,NA,NA,NA,NA,6/19/2013,HS13A11,740000,Till,NA,NA,NA,NA,3.01,44.8,3.6,6.38,3.23,5.82,NA,NA,10.1017/wsc.2016.23,
2013,NY,Musgrave,"42.734367, -76.657081",NA,NA, BARNS,Interrow Cultivation,4,NA,NA,NA,NA,6/19/2013,HS13A11,740000,Till,NA,NA,NA,NA,3.06,45.6,3.6,6.38,3.23,5.82,NA,NA,10.1017/wsc.2016.23,
2014,NY,Musgrave,"42.734367, -76.657081",NA,NA, BARNS,SNT= std NT,1,b1,Aroostook,121,Roller Crimped,6/16/2014,HS13A11,740000,NT,6213,620000,83.8,251.6,2.21,32.9,4.28,2.89,4.62,5.82,NA,NA,10.1017/wsc.2016.23,
2014,NY,Musgrave,"42.734367, -76.657081",NA,NA, BARNS,SNT= std NT,2,b1,Aroostook,121,Roller Crimped,6/16/2014,HS13A11,740000,NT,3320,500000,67.6,775.8,2.85,42.5,4.28,2.89,4.62,5.82,NA,NA,10.1017/wsc.2016.23,
2014,NY,Musgrave,"42.734367, -76.657081",NA,NA, BARNS,SNT= std NT,3,b1,Aroostook,121,Roller Crimped,6/16/2014,HS13A11,740000,NT,6061,520000,70.3,252.6,3.00,44.7,4.28,2.89,4.62,5.82,NA,NA,10.1017/wsc.2016.23,
2014,NY,Musgrave,"42.734367, -76.657081",NA,NA, BARNS,SNT= std NT,4,b1,Aroostook,121,Roller Crimped,6/16/2014,HS13A11,740000,NT,2378,480000,64.9,1220.4,2.60,38.7,4.28,2.89,4.62,5.82,NA,NA,10.1017/wsc.2016.23,
2014,NY,Musgrave,"42.734367, -76.657081",NA,NA, BARNS,Interrow Cultivation,1,NA,NA,NA,NA,6/16/2014,HS13A11,740000,Till,NA,NA,NA,NA,3.45,51.4,4.28,2.89,4.62,5.82,NA,NA,10.1017/wsc.2016.23,
2014,NY,Musgrave,"42.734367, -76.657081",NA,NA, BARNS,Interrow Cultivation,3,NA,NA,NA,NA,6/16/2014,HS13A11,740000,Till,NA,NA,NA,NA,3.13,46.6,4.28,2.89,4.62,5.82,NA,NA,10.1017/wsc.2016.23,
2015,NY,Musgrave,"42.734367, -76.657081",NA,NA, MOSS,1 Rolldown,1,1 Rolldown,Aroostook,178.4,Roller Crimped,6/4/2015,Viking 2299,625000,NT,4455.8,NA,NA,625.7,2.56,38.1,5.56,8,2.8,5.82,NA,NA,10.2134/agronj2017-10-0605,
2015,NY,Musgrave,"42.734367, -76.657081",NA,NA, MOSS,1 Rolldown,2,1 Rolldown,Aroostook,178.4,Roller Crimped,6/4/2015,Viking 2299,625000,NT,6217.8,NA,NA,717.6,2.80,41.7,5.56,8,2.8,5.82,NA,NA,10.2134/agronj2017-10-0605,
2015,NY,Musgrave,"42.734367, -76.657081",NA,NA, MOSS,1 Rolldown,3,1 Rolldown,Aroostook,178.4,Roller Crimped,6/4/2015,Viking 2299,625000,NT,6320.6,NA,NA,533.6,2.50,37.3,5.56,8,2.8,,NA,NA,10.2134/agronj2017-10-0605,
2015,NY,Musgrave,"42.734367, -76.657081",NA,NA, MOSS,1 Rolldown,4,1 Rolldown,Aroostook,178.4,Roller Crimped,6/4/2015,Viking 2299,625000,NT,6768.4,NA,NA,212.9,2.67,39.7,5.56,8,2.8,,NA,NA,10.2134/agronj2017-10-0605,
2015,NY,Musgrave,"42.734367, -76.657081",NA,NA, MOSS,4 No cover,1,4 No cover,No Rye,0,NA,6/4/2015,Viking 2299,625000,Till,NA,NA,NA,12.5,2.80,41.6,5.56,8,2.8,,NA,NA,10.2134/agronj2017-10-0605,
2015,NY,Musgrave,"42.734367, -76.657081",NA,NA, MOSS,4 No cover,2,4 No cover,No Rye,0,NA,6/4/2015,Viking 2299,625000,Till,NA,NA,NA,37.7,3.15,46.9,5.56,8,2.8,,NA,NA,10.2134/agronj2017-10-0605,
2015,NY,Musgrave,"42.734367, -76.657081",NA,NA, MOSS,4 No cover,3,4 No cover,No Rye,0,NA,6/4/2015,Viking 2299,625000,Till,NA,NA,NA,2.1,2.62,38.9,5.56,8,2.8,,NA,NA,10.2134/agronj2017-10-0605,
2015,NY,Musgrave,"42.734367, -76.657081",NA,NA, MOSS,4 No cover,4,4 No cover,No Rye,0,NA,6/4/2015,Viking 2299,625000,Till,NA,NA,NA,99.9,2.35,35.0,5.56,8,2.8,,NA,NA,10.2134/agronj2017-10-0605,
2016,NY,Musgrave,"42.734367, -76.657081",NA,NA, MOSS,1 Rolldown,1,1 Rolldown,Aroostook,178.4,Roller Crimped,5/31/2016,Viking 2399,767000,NT,4455.8,NA,NA,473.8,1.82,27.1,0.65,0.57,1.74,,NA,NA,10.2134/agronj2017-10-0605,
2016,NY,Musgrave,"42.734367, -76.657081",NA,NA, MOSS,1 Rolldown,2,1 Rolldown,Aroostook,178.4,Roller Crimped,5/31/2016,Viking 2399,767000,NT,6217.8,NA,NA,315,1.02,15.2,0.65,0.57,1.74,,NA,NA,10.2134/agronj2017-10-0605,
2016,NY,Musgrave,"42.734367, -76.657081",NA,NA, MOSS,1 Rolldown,3,1 Rolldown,Aroostook,178.4,Roller Crimped,5/31/2016,Viking 2399,767000,NT,6320.6,NA,NA,103,1.78,26.5,0.65,0.57,1.74,,NA,NA,10.2134/agronj2017-10-0605,
2016,NY,Musgrave,"42.734367, -76.657081",NA,NA, MOSS,1 Rolldown,4,1 Rolldown,Aroostook,178.4,Roller Crimped,5/31/2016,Viking 2399,767000,NT,6768.4,NA,NA,326,0.59,8.7,0.65,0.57,1.74,,NA,NA,10.2134/agronj2017-10-0605,
2016,NY,Musgrave,"42.734367, -76.657081",NA,NA, MOSS,4 No cover,1,4 No cover,No Rye,0,NA,5/31/2016,Viking 2399,767000,Till,NA,NA,NA,83,2.24,33.3,0.65,0.57,1.74,,NA,NA,10.2134/agronj2017-10-0605,
2016,NY,Musgrave,"42.734367, -76.657081",NA,NA, MOSS,4 No cover,2,4 No cover,No Rye,0,NA,5/31/2016,Viking 2399,767000,Till,NA,NA,NA,0,2.41,35.9,0.65,0.57,1.74,,NA,NA,10.2134/agronj2017-10-0605,
2016,NY,Musgrave,"42.734367, -76.657081",NA,NA, MOSS,4 No cover,3,4 No cover,No Rye,0,NA,5/31/2016,Viking 2399,767000,Till,NA,NA,NA,258.1,2.61,38.9,0.65,0.57,1.74,,NA,NA,10.2134/agronj2017-10-0605,
2016,NY,Musgrave,"42.734367, -76.657081",NA,NA, MOSS,4 No cover,4,4 No cover,No Rye,0,NA,5/31/2016,Viking 2399,767000,Till,NA,NA,NA,11.5,1.91,28.4,0.65,0.57,1.74,,NA,NA,10.2134/agronj2017-10-0605,
2017,NY,Geneva,"42.878109, -77.007226",NA,RN30,NA,Rye,1,Rye,Aroostook,168,Roller Crimped,6/2/2017,Viking 1722N,656150,NT,6132.8,NA,NA,weed data in the spreadsheet do not match those in the RAFS paper,1.20,17.9,5.8,3.82,6.77,,NA,NA,10.1017/S174217051900022X,Inorganic pre-emergence herbicide used in study
2017,NY,Geneva,"42.878109, -77.007226",NA,RN30,NA,Rye,2,Rye,Aroostook,168,Roller Crimped,6/2/2017,Viking 1722N,656150,NT,6855.4,NA,NA,see above,1.34,19.9,5.8,3.82,6.77,,NA,NA,10.1017/S174217051900022X,Inorganic pre-emergence herbicide used in study
2017,NY,Geneva,"42.878109, -77.007226",NA,RN30,NA,Rye,3,Rye,Aroostook,168,Roller Crimped,6/2/2017,Viking 1722N,656150,NT,4747.4,NA,NA,see above,1.28,19.0,5.8,3.82,6.77,,NA,NA,10.1017/S174217051900022X,Inorganic pre-emergence herbicide used in study
2017,NY,Geneva,"42.878109, -77.007226",NA,RN30,NA,Rye,4,Rye,Aroostook,168,Roller Crimped,6/2/2017,Viking 1722N,656150,NT,5673.7,NA,NA,see above,1.47,21.9,5.8,3.82,6.77,,NA,NA,10.1017/S174217051900022X,Inorganic pre-emergence herbicide used in study
2017,NY,Geneva,"42.878109, -77.007226",NA,RN30,NA,Fallow,1,Fallow,No Rye,0,NA,6/2/2017,Viking 1722N,656150,Till,NA,NA,NA,see above,1.36,20.3,5.8,3.82,6.77,,NA,NA,10.1017/S174217051900022X,Inorganic pre-emergence herbicide used in study
2017,NY,Geneva,"42.878109, -77.007226",NA,RN30,NA,Fallow,2,Fallow,No Rye,0,NA,6/2/2017,Viking 1722N,656150,Till,NA,NA,NA,see above,1.43,21.3,5.8,3.82,6.77,,NA,NA,10.1017/S174217051900022X,Inorganic pre-emergence herbicide used in study
2017,NY,Geneva,"42.878109, -77.007226",NA,RN30,NA,Fallow,3,Fallow,No Rye,0,NA,6/2/2017,Viking 1722N,656150,Till,NA,NA,NA,see above,1.50,22.4,5.8,3.82,6.77,,NA,NA,10.1017/S174217051900022X,Inorganic pre-emergence herbicide used in study
2017,NY,Geneva,"42.878109, -77.007226",NA,RN30,NA,Fallow,4,Fallow,No Rye,0,NA,6/2/2017,Viking 1722N,656150,Till,NA,NA,NA,see above,1.61,24.0,5.8,3.82,6.77,,NA,NA,10.1017/S174217051900022X,Inorganic pre-emergence herbicide used in study
2018,NY,Musgrave,"42.734367, -76.657081",NA,NA, OCS,Reduced Tillage,1,1.4.B_subA,Aroostook,177,Roller Crimped,6/2/2018,Viking 2188,617500,NT,5224.8,NA,NA,102.4,1.66,24.6,2.03,1.63,5.57,,NA,NA,,
2018,NY,Musgrave,"42.734367, -76.657081",NA,NA, OCS,Reduced Tillage,1,1.4.B_subB,Aroostook,177,Roller Crimped,6/2/2018,Viking 2188,617500,NT,6338,NA,NA,39,3.48,51.7,2.03,1.63,5.57,,NA,NA,,
2018,NY,Musgrave,"42.734367, -76.657081",NA,NA, OCS,Reduced Tillage,1,1.4.B_subC,Aroostook,177,Roller Crimped,6/2/2018,Viking 2188,617500,NT,5978.8,NA,NA,92.8,2.68,39.8,2.03,1.63,5.57,,NA,NA,,
2018,NY,Musgrave,"42.734367, -76.657081",NA,NA, OCS,Reduced Tillage,1,1.4.B_subD,Aroostook,177,Roller Crimped,6/2/2018,Viking 2188,617500,NT,4504,NA,NA,71,1.92,28.6,2.03,1.63,5.57,,NA,NA,,
2018,NY,Musgrave,"42.734367, -76.657081",NA,NA, OCS,Low Fertility,1,1.2.B_subA,Aroostook,177,Roller Crimped,6/2/2018,Viking 2188,617500,NT,5895.6,NA,NA,39.8,1.52,22.6,2.03,1.63,5.57,,NA,NA,,
2018,NY,Musgrave,"42.734367, -76.657081",NA,NA, OCS,Low Fertility,1,1.2.B_subB,Aroostook,177,Roller Crimped,6/2/2018,Viking 2188,617500,NT,5276.4,NA,NA,30,2.59,38.5,2.03,1.63,5.57,,NA,NA,,
2018,NY,Musgrave,"42.734367, -76.657081",NA,NA, OCS,Low Fertility,1,1.2.B_subC,Aroostook,177,Roller Crimped,6/2/2018,Viking 2188,617500,NT,5048.8,NA,NA,6.6,3.33,49.6,2.03,1.63,5.57,,NA,NA,,
2018,NY,Musgrave,"42.734367, -76.657081",NA,NA, OCS,Low Fertility,1,1.2.B_subD,Aroostook,177,Roller Crimped,6/2/2018,Viking 2188,617500,NT,5702,NA,NA,28,2.53,37.6,2.03,1.63,5.57,,NA,NA,,
2018,NY,Musgrave,"42.734367, -76.657081",NA,NA, OCS,Reduced Tillage,2,2.4.B_subA,Aroostook,177,Roller Crimped,6/2/2018,Viking 2188,617500,NT,3852.8,NA,NA,10,2.73,40.7,2.03,1.63,5.57,,NA,NA,,
2018,NY,Musgrave,"42.734367, -76.657081",NA,NA, OCS,Reduced Tillage,2,2.4.B_subB,Aroostook,177,Roller Crimped,6/2/2018,Viking 2188,617500,NT,9113.6,NA,NA,46.8,3.75,55.8,2.03,1.63,5.57,,NA,NA,,
2018,NY,Musgrave,"42.734367, -76.657081",NA,NA, OCS,Reduced Tillage,2,2.4.B_subC,Aroostook,177,Roller Crimped,6/2/2018,Viking 2188,617500,NT,8761.2,NA,NA,136.8,3.39,50.5,2.03,1.63,5.57,,NA,NA,,
2018,NY,Musgrave,"42.734367, -76.657081",NA,NA, OCS,Reduced Tillage,2,2.4.B_subD,Aroostook,177,Roller Crimped,6/2/2018,Viking 2188,617500,NT,7940.4,NA,NA,37.6,3.32,49.4,2.03,1.63,5.57,,NA,NA,,
2018,NY,Musgrave,"42.734367, -76.657081",NA,NA, OCS,Low Fertility,2,2.2.B_subA,Aroostook,177,Roller Crimped,6/2/2018,Viking 2188,617500,NT,4820.4,NA,NA,9.2,2.36,35.1,2.03,1.63,5.57,,NA,NA,,
2018,NY,Musgrave,"42.734367, -76.657081",NA,NA, OCS,Low Fertility,2,2.2.B_subB,Aroostook,177,Roller Crimped,6/2/2018,Viking 2188,617500,NT,5187.2,NA,NA,1.2,1.49,22.2,2.03,1.63,5.57,,NA,NA,,
2018,NY,Musgrave,"42.734367, -76.657081",NA,NA, OCS,Low Fertility,2,2.2.B_subC,Aroostook,177,Roller Crimped,6/2/2018,Viking 2188,617500,NT,7562.8,NA,NA,4.8,1.14,17.0,2.03,1.63,5.57,,NA,NA,,
2018,NY,Musgrave,"42.734367, -76.657081",NA,NA, OCS,Low Fertility,2,2.2.B_subD,Aroostook,177,Roller Crimped,6/2/2018,Viking 2188,617500,NT,4691.2,NA,NA,7.2,1.33,19.8,2.03,1.63,5.57,,NA,NA,,
2018,NY,Musgrave,"42.734367, -76.657081",NA,NA, OCS,Reduced Tillage,3,3.4.B_subA,Aroostook,177,Roller Crimped,6/2/2018,Viking 2188,617500,NT,5747.6,NA,NA,165.2,2.07,30.8,2.03,1.63,5.57,,NA,NA,,
2018,NY,Musgrave,"42.734367, -76.657081",NA,NA, OCS,Reduced Tillage,3,3.4.B_subB,Aroostook,177,Roller Crimped,6/2/2018,Viking 2188,617500,NT,5266.8,NA,NA,146.4,2.29,34.0,2.03,1.63,5.57,,NA,NA,,
2018,NY,Musgrave,"42.734367, -76.657081",NA,NA, OCS,Reduced Tillage,3,3.4.B_subC,Aroostook,177,Roller Crimped,6/2/2018,Viking 2188,617500,NT,6019.2,NA,NA,65.2,1.46,21.7,2.03,1.63,5.57,,NA,NA,,
2018,NY,Musgrave,"42.734367, -76.657081",NA,NA, OCS,Reduced Tillage,3,3.4.B_subD,Aroostook,177,Roller Crimped,6/2/2018,Viking 2188,617500,NT,5769.2,NA,NA,42,1.65,24.6,2.03,1.63,5.57,,NA,NA,,
2018,NY,Musgrave,"42.734367, -76.657081",NA,NA, OCS,Low Fertility,3,3.2.B_subA,Aroostook,177,Roller Crimped,6/2/2018,Viking 2188,617500,NT,6349.6,NA,NA,27.4,1.25,18.6,2.03,1.63,5.57,,NA,NA,,
2018,NY,Musgrave,"42.734367, -76.657081",NA,NA, OCS,Low Fertility,3,3.2.B_subB,Aroostook,177,Roller Crimped,6/2/2018,Viking 2188,617500,NT,6419.2,NA,NA,3.6,1.94,28.9,2.03,1.63,5.57,,NA,NA,,
2018,NY,Musgrave,"42.734367, -76.657081",NA,NA, OCS,Low Fertility,3,3.2.B_subC,Aroostook,177,Roller Crimped,6/2/2018,Viking 2188,617500,NT,8108,NA,NA,1.6,2.61,38.9,2.03,1.63,5.57,,NA,NA,,
2018,NY,Musgrave,"42.734367, -76.657081",NA,NA, OCS,Low Fertility,3,3.2.B_subD,Aroostook,177,Roller Crimped,6/2/2018,Viking 2188,617500,NT,5974,NA,NA,4.4,1.83,27.3,2.03,1.63,5.57,,NA,NA,,
2018,NY,Musgrave,"42.734367, -76.657081",NA,NA, OCS,Reduced Tillage,4,4.4.B_subA,Aroostook,177,Roller Crimped,6/2/2018,Viking 2188,617500,NT,7104,NA,NA,8.8,1.65,24.6,2.03,1.63,5.57,,NA,NA,,
2018,NY,Musgrave,"42.734367, -76.657081",NA,NA, OCS,Reduced Tillage,4,4.4.B_subB,Aroostook,177,Roller Crimped,6/2/2018,Viking 2188,617500,NT,5026.8,NA,NA,0.8,1.93,28.7,2.03,1.63,5.57,,NA,NA,,
2018,NY,Musgrave,"42.734367, -76.657081",NA,NA, OCS,Reduced Tillage,4,4.4.B_subC,Aroostook,177,Roller Crimped,6/2/2018,Viking 2188,617500,NT,5762,NA,NA,1.6,1.97,29.3,2.03,1.63,5.57,,NA,NA,,
2018,NY,Musgrave,"42.734367, -76.657081",NA,NA, OCS,Reduced Tillage,4,4.4.B_subD,Aroostook,177,Roller Crimped,6/2/2018,Viking 2188,617500,NT,5024,NA,NA,9.2,1.44,21.4,2.03,1.63,5.57,,NA,NA,,
2018,NY,Musgrave,"42.734367, -76.657081",NA,NA, OCS,Low Fertility,4,4.2.B_subA,Aroostook,177,Roller Crimped,6/2/2018,Viking 2188,617500,NT,5202.8,NA,NA,56,1.12,16.7,2.03,1.63,5.57,,NA,NA,,
2018,NY,Musgrave,"42.734367, -76.657081",NA,NA, OCS,Low Fertility,4,4.2.B_subB,Aroostook,177,Roller Crimped,6/2/2018,Viking 2188,617500,NT,6956.4,NA,NA,76.8,1.51,22.4,2.03,1.63,5.57,,NA,NA,,
2018,NY,Musgrave,"42.734367, -76.657081",NA,NA, OCS,Low Fertility,4,4.2.B_subC,Aroostook,177,Roller Crimped,6/2/2018,Viking 2188,617500,NT,6974,NA,NA,80.4,1.71,25.5,2.03,1.63,5.57,,NA,NA,,
2018,NY,Musgrave,"42.734367, -76.657081",NA,NA, OCS,Low Fertility,4,4.2.B_subD,Aroostook,177,Roller Crimped,6/2/2018,Viking 2188,617500,NT,4640.8,NA,NA,95.6,1.19,17.8,2.03,1.63,5.57,,NA,NA,,
2018,NY,Musgrave,"42.734367, -76.657081",NA,NA, OCS,High Fertility,1,1.1.B_subA,Aroostook,177,Forage Harvest and Flail Chopped,6/2/2018,Viking 2188,617500,Till,5062,NA,NA,120.4,4.24,63.1,2.03,1.63,5.57,,NA,NA,,
2018,NY,Musgrave,"42.734367, -76.657081",NA,NA, OCS,High Fertility,1,1.1.B_subB,Aroostook,177,Forage Harvest and Flail Chopped,6/2/2018,Viking 2188,617500,Till,3216,NA,NA,125.6,4.28,63.7,2.03,1.63,5.57,,NA,NA,,
2018,NY,Musgrave,"42.734367, -76.657081",NA,NA, OCS,High Fertility,1,1.1.B_subC,Aroostook,177,Forage Harvest and Flail Chopped,6/2/2018,Viking 2188,617500,Till,4394,NA,NA,45.6,4.29,63.8,2.03,1.63,5.57,,NA,NA,,
2018,NY,Musgrave,"42.734367, -76.657081",NA,NA, OCS,High Fertility,1,1.1.B_subD,Aroostook,177,Forage Harvest and Flail Chopped,6/2/2018,Viking 2188,617500,Till,2783.6,NA,NA,32.2,3.69,54.9,2.03,1.63,5.57,,NA,NA,,
2018,NY,Musgrave,"42.734367, -76.657081",NA,NA, OCS,Enhanced Weed Mngt,1,1.3.B_subA,Aroostook,177,Forage Harvest and Flail Chopped,6/2/2018,Viking 2188,617500,Till,3148,NA,NA,1.4,3.45,51.3,2.03,1.63,5.57,,NA,NA,,
2018,NY,Musgrave,"42.734367, -76.657081",NA,NA, OCS,Enhanced Weed Mngt,1,1.3.B_subB,Aroostook,177,Forage Harvest and Flail Chopped,6/2/2018,Viking 2188,617500,Till,2548.4,NA,NA,0,4.07,60.6,2.03,1.63,5.57,,NA,NA,,
2018,NY,Musgrave,"42.734367, -76.657081",NA,NA, OCS,Enhanced Weed Mngt,1,1.3.B_subC,Aroostook,177,Forage Harvest and Flail Chopped,6/2/2018,Viking 2188,617500,Till,3471.2,NA,NA,0.4,3.86,57.5,2.03,1.63,5.57,,NA,NA,,
2018,NY,Musgrave,"42.734367, -76.657081",NA,NA, OCS,Enhanced Weed Mngt,1,1.3.B_subD,Aroostook,177,Forage Harvest and Flail Chopped,6/2/2018,Viking 2188,617500,Till,2714.4,NA,NA,2.4,3.51,52.2,2.03,1.63,5.57,,NA,NA,,
2018,NY,Musgrave,"42.734367, -76.657081",NA,NA, OCS,High Fertility,2,2.1.B_subA,Aroostook,177,Forage Harvest and Flail Chopped,6/2/2018,Viking 2188,617500,Till,3525.6,NA,NA,35.4,3.39,50.5,2.03,1.63,5.57,,NA,NA,,
2018,NY,Musgrave,"42.734367, -76.657081",NA,NA, OCS,High Fertility,2,2.1.B_subB,Aroostook,177,Forage Harvest and Flail Chopped,6/2/2018,Viking 2188,617500,Till,3284,NA,NA,62.4,4.22,62.7,2.03,1.63,5.57,,NA,NA,,
2018,NY,Musgrave,"42.734367, -76.657081",NA,NA, OCS,High Fertility,2,2.1.B_subC,Aroostook,177,Forage Harvest and Flail Chopped,6/2/2018,Viking 2188,617500,Till,4949.2,NA,NA,6,3.34,49.8,2.03,1.63,5.57,,NA,NA,,
2018,NY,Musgrave,"42.734367, -76.657081",NA,NA, OCS,High Fertility,2,2.1.B_subD,Aroostook,177,Forage Harvest and Flail Chopped,6/2/2018,Viking 2188,617500,Till,2821.6,NA,NA,37.4,3.30,49.1,2.03,1.63,5.57,,NA,NA,,
2018,NY,Musgrave,"42.734367, -76.657081",NA,NA, OCS,Enhanced Weed Mngt,2,2.3.B_subA,Aroostook,177,Forage Harvest and Flail Chopped,6/2/2018,Viking 2188,617500,Till,3764.4,NA,NA,18,3.31,49.3,2.03,1.63,5.57,,NA,NA,,
2018,NY,Musgrave,"42.734367, -76.657081",NA,NA, OCS,Enhanced Weed Mngt,2,2.3.B_subB,Aroostook,177,Forage Harvest and Flail Chopped,6/2/2018,Viking 2188,617500,Till,1774,NA,NA,7.6,3.39,50.5,2.03,1.63,5.57,,NA,NA,,
2018,NY,Musgrave,"42.734367, -76.657081",NA,NA, OCS,Enhanced Weed Mngt,2,2.3.B_subC,Aroostook,177,Forage Harvest and Flail Chopped,6/2/2018,Viking 2188,617500,Till,2908.8,NA,NA,5.2,2.56,38.1,2.03,1.63,5.57,,NA,NA,,
2018,NY,Musgrave,"42.734367, -76.657081",NA,NA, OCS,Enhanced Weed Mngt,2,2.3.B_subD,Aroostook,177,Forage Harvest and Flail Chopped,6/2/2018,Viking 2188,617500,Till,3978.4,NA,NA,4,3.78,56.2,2.03,1.63,5.57,,NA,NA,,
2018,NY,Musgrave,"42.734367, -76.657081",NA,NA, OCS,High Fertility,3,3.1.B_subA,Aroostook,177,Forage Harvest and Flail Chopped,6/2/2018,Viking 2188,617500,Till,3206.4,NA,NA,7.4,3.22,48.0,2.03,1.63,5.57,,NA,NA,,
2018,NY,Musgrave,"42.734367, -76.657081",NA,NA, OCS,High Fertility,3,3.1.B_subB,Aroostook,177,Forage Harvest and Flail Chopped,6/2/2018,Viking 2188,617500,Till,3750,NA,NA,13.2,4.11,61.2,2.03,1.63,5.57,,NA,NA,,
2018,NY,Musgrave,"42.734367, -76.657081",NA,NA, OCS,High Fertility,3,3.1.B_subC,Aroostook,177,Forage Harvest and Flail Chopped,6/2/2018,Viking 2188,617500,Till,2378,NA,NA,4.2,3.57,53.1,2.03,1.63,5.57,,NA,NA,,
2018,NY,Musgrave,"42.734367, -76.657081",NA,NA, OCS,High Fertility,3,3.1.B_subD,Aroostook,177,Forage Harvest and Flail Chopped,6/2/2018,Viking 2188,617500,Till,2146.4,NA,NA,4.4,4.27,63.5,2.03,1.63,5.57,,NA,NA,,
2018,NY,Musgrave,"42.734367, -76.657081",NA,NA, OCS,Enhanced Weed Mngt,3,3.3.B_subA,Aroostook,177,Forage Harvest and Flail Chopped,6/2/2018,Viking 2188,617500,Till,2387.2,NA,NA,8.2,3.90,58.0,2.03,1.63,5.57,,NA,NA,,
2018,NY,Musgrave,"42.734367, -76.657081",NA,NA, OCS,Enhanced Weed Mngt,3,3.3.B_subB,Aroostook,177,Forage Harvest and Flail Chopped,6/2/2018,Viking 2188,617500,Till,3843.2,NA,NA,0.4,3.79,56.5,2.03,1.63,5.57,,NA,NA,,
2018,NY,Musgrave,"42.734367, -76.657081",NA,NA, OCS,Enhanced Weed Mngt,3,3.3.B_subC,Aroostook,177,Forage Harvest and Flail Chopped,6/2/2018,Viking 2188,617500,Till,2935.6,NA,NA,2.4,3.68,54.7,2.03,1.63,5.57,,NA,NA,,
2018,NY,Musgrave,"42.734367, -76.657081",NA,NA, OCS,Enhanced Weed Mngt,3,3.3.B_subD,Aroostook,177,Forage Harvest and Flail Chopped,6/2/2018,Viking 2188,617500,Till,3140.8,NA,NA,16,3.22,47.9,2.03,1.63,5.57,,NA,NA,,
2018,NY,Musgrave,"42.734367, -76.657081",NA,NA, OCS,High Fertility,4,4.1.B_subA,Aroostook,177,Forage Harvest and Flail Chopped,6/2/2018,Viking 2188,617500,Till,834.4,NA,NA,0,3.91,58.1,2.03,1.63,5.57,,NA,NA,,
2018,NY,Musgrave,"42.734367, -76.657081",NA,NA, OCS,High Fertility,4,4.1.B_subB,Aroostook,177,Forage Harvest and Flail Chopped,6/2/2018,Viking 2188,617500,Till,3202.8,NA,NA,23.2,3.91,58.1,2.03,1.63,5.57,,NA,NA,,
2018,NY,Musgrave,"42.734367, -76.657081",NA,NA, OCS,High Fertility,4,4.1.B_subC,Aroostook,177,Forage Harvest and Flail Chopped,6/2/2018,Viking 2188,617500,Till,3054.4,NA,NA,0.8,3.71,55.2,2.03,1.63,5.57,,NA,NA,,
2018,NY,Musgrave,"42.734367, -76.657081",NA,NA, OCS,High Fertility,4,4.1.B_subD,Aroostook,177,Forage Harvest and Flail Chopped,6/2/2018,Viking 2188,617500,Till,3031.2,NA,NA,25.2,4.03,60.0,2.03,1.63,5.57,,NA,NA,,
2018,NY,Musgrave,"42.734367, -76.657081",NA,NA, OCS,Enhanced Weed Mngt,4,4.3.B_subA,Aroostook,177,Forage Harvest and Flail Chopped,6/2/2018,Viking 2188,617500,Till,2312.8,NA,NA,4,3.67,54.6,2.03,1.63,5.57,,NA,NA,,
2018,NY,Musgrave,"42.734367, -76.657081",NA,NA, OCS,Enhanced Weed Mngt,4,4.3.B_subB,Aroostook,177,Forage Harvest and Flail Chopped,6/2/2018,Viking 2188,617500,Till,2902.4,NA,NA,0,3.84,57.1,2.03,1.63,5.57,,NA,NA,,
2018,NY,Musgrave,"42.734367, -76.657081",NA,NA, OCS,Enhanced Weed Mngt,4,4.3.B_subC,Aroostook,177,Forage Harvest and Flail Chopped,6/2/2018,Viking 2188,617500,Till,3183.6,NA,NA,3.2,4.44,66.1,2.03,1.63,5.57,,NA,NA,,
2018,NY,Musgrave,"42.734367, -76.657081",NA,NA, OCS,Enhanced Weed Mngt,4,4.3.B_subD,Aroostook,177,Forage Harvest and Flail Chopped,6/2/2018,Viking 2188,617500,Till,3011.2,NA,NA,0,3.09,45.9,2.03,1.63,5.57,,NA,NA,,
2019,NY,Geneva,"42.878109, -77.007226",NA,RN20,NA,"""Rye/no-till""",NA,3A,Aroostook,149,Roller Crimped,6/12/2019,Viking 0.1518N,Variable,NT,NA,NA,NA,1798.5,0.86,12.8,5.5,4.46,2.87,,NA,NA,10.3389/fagro.2021.678567,
2019,NY,Geneva,"42.878109, -77.007226",NA,RN20,NA,"""Rye/no-till""",NA,3B,Aroostook,149,Roller Crimped,6/12/2019,Viking 0.1518N,Variable,NT,NA,NA,NA,1954.7,0.79,11.8,5.5,4.46,2.87,,NA,NA,10.3389/fagro.2021.678567,
2019,NY,Geneva,"42.878109, -77.007226",NA,RN20,NA,"""Rye/no-till""",NA,10A,Aroostook,149,Roller Crimped,6/12/2019,Viking 0.1518N,Variable,NT,5232,NA,NA,3754.8,1.11,16.5,5.5,4.46,2.87,,NA,NA,10.3389/fagro.2021.678567,
2019,NY,Geneva,"42.878109, -77.007226",NA,RN20,NA,"""Rye/no-till""",NA,10B,Aroostook,149,Roller Crimped,6/12/2019,Viking 0.1518N,Variable,NT,,NA,NA,2266.0,1.00,14.8,5.5,4.46,2.87,,NA,NA,10.3389/fagro.2021.678567,
2019,NY,Geneva,"42.878109, -77.007226",NA,RN20,NA,"""Rye/no-till""",NA,14A,Aroostook,149,Roller Crimped,6/12/2019,Viking 0.1518N,Variable,NT,4416,NA,NA,1664.4,2.39,35.6,5.5,4.46,2.87,,NA,NA,10.3389/fagro.2021.678567,
2019,NY,Geneva,"42.878109, -77.007226",NA,RN20,NA,"""Rye/no-till""",NA,14B,Aroostook,149,Roller Crimped,6/12/2019,Viking 0.1518N,Variable,NT,,NA,NA,2666.3,2.81,41.9,5.5,4.46,2.87,,NA,NA,10.3389/fagro.2021.678567,
2019,NY,Geneva,"42.878109, -77.007226",NA,RN20,NA,"""Rye/no-till""",NA,23A,Aroostook,149,Roller Crimped,6/12/2019,Viking 0.1518N,Variable,NT,NA,NA,NA,648.4,1.49,22.2,5.5,4.46,2.87,,NA,NA,10.3389/fagro.2021.678567,
2019,NY,Geneva,"42.878109, -77.007226",NA,RN20,NA,"""Rye/no-till""",NA,23B,Aroostook,149,Roller Crimped,6/12/2019,Viking 0.1518N,Variable,NT,NA,NA,NA,1968.7,1.65,24.5,5.5,4.46,2.87,,NA,NA,10.3389/fagro.2021.678567,
2019,NY,Geneva,"42.878109, -77.007226",NA,RN20,NA,"""No rye/plow""",NA,1A,No Rye,0,NA,6/12/2019,Viking 0.1518N,Variable,Till,5144,NA,NA,1959.3,1.27,18.9,5.5,4.46,2.87,,NA,NA,10.3389/fagro.2021.678567,
2019,NY,Geneva,"42.878109, -77.007226",NA,RN20,NA,"""No rye/plow""",NA,1B,No Rye,0,NA,6/12/2019,Viking 0.1518N,Variable,Till,,NA,NA,1678.4,1.42,21.1,5.5,4.46,2.87,,NA,NA,10.3389/fagro.2021.678567,
2019,NY,Geneva,"42.878109, -77.007226",NA,RN20,NA,"""No rye/plow""",NA,12A,No Rye,0,NA,6/12/2019,Viking 0.1518N,Variable,Till,NA,NA,NA,2549.2,2.20,32.7,5.5,4.46,2.87,,NA,NA,10.3389/fagro.2021.678567,
2019,NY,Geneva,"42.878109, -77.007226",NA,RN20,NA,"""No rye/plow""",NA,12B,No Rye,0,NA,6/12/2019,Viking 0.1518N,Variable,Till,NA,NA,NA,1734.6,2.10,31.3,5.5,4.46,2.87,,NA,NA,10.3389/fagro.2021.678567,
2019,NY,Geneva,"42.878109, -77.007226",NA,RN20,NA,"""No rye/plow""",NA,15A,No Rye,0,NA,6/12/2019,Viking 0.1518N,Variable,Till,NA,NA,NA,1212.6,2.49,37.0,5.5,4.46,2.87,,NA,NA,10.3389/fagro.2021.678567,
2019,NY,Geneva,"42.878109, -77.007226",NA,RN20,NA,"""No rye/plow""",NA,15B,No Rye,0,NA,6/12/2019,Viking 0.1518N,Variable,Till,NA,NA,NA,1821.2,2.17,32.2,5.5,4.46,2.87,,NA,NA,10.3389/fagro.2021.678567,
2019,NY,Geneva,"42.878109, -77.007226",NA,RN20,NA,"""No rye/plow""",NA,22A,No Rye,0,NA,6/12/2019,Viking 0.1518N,Variable,Till,5316,NA,NA,2343.2,2.14,31.8,5.5,4.46,2.87,,NA,NA,10.3389/fagro.2021.678567,
2019,NY,Geneva,"42.878109, -77.007226",NA,RN20,NA,"""No rye/plow""",NA,22B,No Rye,0,NA,6/12/2019,Viking 0.1518N,Variable,Till,,NA,NA,1563.7,2.53,37.7,5.5,4.46,2.87,,NA,NA,10.3389/fagro.2021.678567,
